;              
CREATE USER IF NOT EXISTS "SA" SALT 'ba9dfde05dfdcaef' HASH '3f3dbe86f753f4e78581f8086251552cb24474e898d888b3bd63fd77c0355183' ADMIN;          
CREATE CACHED TABLE "PUBLIC"."ARMOR_PIECE"(
    "ID" VARCHAR NOT NULL,
    "ARMOR_TYPE" INTEGER NOT NULL,
    "DEFENSE" INT DEFAULT 0 NOT NULL CHECK ("DEFENSE" >= 0),
    "DRAGON_RESISTANCE" INT DEFAULT 0 NOT NULL,
    "FIRE_RESISTANCE" INT DEFAULT 0 NOT NULL,
    "ICE_RESISTANCE" INT DEFAULT 0 NOT NULL,
    "LEVEL1SLOTS" INT DEFAULT 0 NOT NULL CHECK (("LEVEL1SLOTS" >= 0)
    AND ("LEVEL1SLOTS" <= 3)),
    "LEVEL2SLOTS" INT DEFAULT 0 NOT NULL CHECK (("LEVEL2SLOTS" <= 3)
    AND ("LEVEL2SLOTS" >= 0)),
    "LEVEL3SLOTS" INT DEFAULT 0 NOT NULL CHECK (("LEVEL3SLOTS" >= 0)
    AND ("LEVEL3SLOTS" <= 3)),
    "LEVEL4SLOTS" INT DEFAULT 0 NOT NULL CHECK (("LEVEL4SLOTS" >= 0)
    AND ("LEVEL4SLOTS" <= 3)),
    "NAME" VARCHAR NOT NULL,
    "RARITY" INT DEFAULT 1 NOT NULL CHECK ("RARITY" >= 1),
    "SET_NAME" VARCHAR NOT NULL,
    "SET_TYPE" VARCHAR NOT NULL,
    "THUNDER_RESISTANCE" INT DEFAULT 0 NOT NULL,
    "WATER_RESISTANCE" INT DEFAULT 0 NOT NULL,
    "SET_BONUS_ID" VARCHAR
);      
ALTER TABLE "PUBLIC"."ARMOR_PIECE" ADD CONSTRAINT "PUBLIC"."CONSTRAINT_4" PRIMARY KEY("ID");   
-- 592 +/- SELECT COUNT(*) FROM PUBLIC.ARMOR_PIECE;            
INSERT INTO "PUBLIC"."ARMOR_PIECE" VALUES
('chainmail-head-lr', 0, 4, 0, 0, 0, 0, 0, 0, 0, 'Chainmail Headgear', 1, 'Chainmail', '0', 1, 0, NULL),
('chainmail-body-lr', 1, 4, 0, 0, 0, 0, 0, 0, 0, 'Chainmail Vest', 1, 'Chainmail', '0', 1, 0, NULL),
('chainmail-arms-lr', 2, 4, 0, 0, 0, 0, 0, 0, 0, 'Chainmail Gloves', 1, 'Chainmail', '0', 1, 0, NULL),
('chainmail-waist-lr', 3, 4, 0, 0, 0, 0, 0, 0, 0, 'Chainmail Belt', 1, 'Chainmail', '0', 1, 0, NULL),
('chainmail-legs-lr', 4, 4, 0, 0, 0, 0, 0, 0, 0, 'Chainmail Pants', 1, 'Chainmail', '0', 1, 0, NULL),
('great-baggi-head-lr', 0, 10, 1, -4, 2, 0, 0, 0, 0, 'Baggi Helm', 1, 'Great Baggi', '0', -1, -1, NULL),
('great-baggi-body-lr', 1, 10, 1, -4, 2, 0, 0, 0, 0, 'Baggi Mail', 1, 'Great Baggi', '0', -1, -1, NULL),
('great-baggi-arms-lr', 2, 10, 1, -4, 2, 0, 0, 0, 0, 'Baggi Vambraces', 1, 'Great Baggi', '0', -1, -1, NULL),
('great-baggi-waist-lr', 3, 10, 1, -4, 2, 0, 0, 0, 0, 'Baggi Coil', 1, 'Great Baggi', '0', -1, -1, NULL),
('great-baggi-legs-lr', 4, 10, 1, -4, 2, 0, 0, 0, 0, 'Baggi Greaves', 1, 'Great Baggi', '0', -1, -1, NULL),
('great-izuchi-head-lr', 0, 10, 0, 2, 0, 0, 0, 0, 0, 'Izuchi Helm', 1, 'Great Izuchi', '0', -2, -1, NULL),
('great-izuchi-body-lr', 1, 10, 0, 2, 0, 0, 0, 0, 0, 'Izuchi Mail', 1, 'Great Izuchi', '0', -2, -1, NULL),
('great-izuchi-arms-lr', 2, 10, 0, 2, 0, 0, 0, 0, 0, 'Izuchi Braces', 1, 'Great Izuchi', '0', -2, -1, NULL),
('great-izuchi-waist-lr', 3, 10, 0, 2, 0, 0, 0, 0, 0, 'Izuchi Coil', 1, 'Great Izuchi', '0', -2, -1, NULL),
('great-izuchi-legs-lr', 4, 10, 0, 2, 0, 0, 0, 0, 0, 'Izuchi Greaves', 1, 'Great Izuchi', '0', -2, -1, NULL),
('hunter-head-lr', 0, 4, 0, 0, 0, 0, 0, 0, 0, 'Hunter''s Helm', 1, 'Hunter', '0', 0, 0, NULL),
('hunter-body-lr', 1, 4, 0, 0, 0, 0, 0, 0, 0, 'Hunter''s Mail', 1, 'Hunter', '0', 0, 0, NULL),
('hunter-arms-lr', 2, 4, 0, 0, 0, 0, 0, 0, 0, 'Hunter''s Vambraces', 1, 'Hunter', '0', 0, 0, NULL),
('hunter-waist-lr', 3, 4, 0, 0, 0, 0, 0, 0, 0, 'Hunter''s Coil', 1, 'Hunter', '0', 0, 0, NULL),
('hunter-legs-lr', 4, 4, 0, 0, 0, 0, 0, 0, 0, 'Hunter''s Greaves', 1, 'Hunter', '0', 0, 0, NULL),
('kamura-head-lr', 0, 1, 0, 1, 0, 0, 0, 0, 0, 'Kamura Head Scarf', 1, 'Kamura', '0', 0, 0, NULL),
('kamura-body-lr', 1, 1, 0, 1, 0, 0, 0, 0, 0, 'Kamura Garb', 1, 'Kamura', '0', 0, 0, NULL),
('kamura-arms-lr', 2, 1, 0, 1, 0, 0, 0, 0, 0, 'Kamura Braces', 1, 'Kamura', '0', 0, 0, NULL),
('kamura-waist-lr', 3, 1, 0, 1, 0, 0, 0, 0, 0, 'Kamura Obi', 1, 'Kamura', '0', 0, 0, NULL),
('kamura-legs-lr', 4, 1, 0, 1, 0, 0, 0, 0, 0, 'Kamura Leggings', 1, 'Kamura', '0', 0, 0, NULL),
('lagombi-head-lr', 0, 10, 0, -3, 4, 0, 0, 0, 0, 'Lagombi Helm', 1, 'Lagombi', '0', 0, 1, NULL),
('lagombi-body-lr', 1, 10, 0, -3, 4, 0, 0, 0, 0, 'Lagombi Mail', 1, 'Lagombi', '0', 0, 1, NULL),
('lagombi-arms-lr', 2, 10, 0, -3, 4, 0, 0, 0, 0, 'Lagombi Vambraces', 1, 'Lagombi', '0', 0, 1, NULL),
('lagombi-waist-lr', 3, 10, 0, -3, 4, 0, 0, 0, 0, 'Lagombi Coil', 1, 'Lagombi', '0', 0, 1, NULL),
('lagombi-legs-lr', 4, 10, 0, -3, 4, 0, 0, 0, 0, 'Lagombi Greaves', 1, 'Lagombi', '0', 0, 1, NULL),
('leather-head-lr', 0, 1, 0, 0, 0, 0, 0, 0, 0, 'Leather Headgear', 1, 'Leather', '0', 0, 0, NULL),
('leather-body-lr', 1, 1, 0, 0, 0, 0, 0, 0, 0, 'Leather Vest', 1, 'Leather', '0', 0, 0, NULL),
('leather-arms-lr', 2, 1, 0, 0, 0, 0, 0, 0, 0, 'Leather Gloves', 1, 'Leather', '0', 0, 0, NULL),
('leather-waist-lr', 3, 1, 0, 0, 0, 0, 0, 0, 0, 'Leather Belt', 1, 'Leather', '0', 0, 0, NULL),
('leather-legs-lr', 4, 1, 0, 0, 0, 0, 0, 0, 0, 'Leather Pants', 1, 'Leather', '0', 0, 0, NULL),
('vaik-head-lr', 0, 18, 0, 0, -1, 0, 0, 0, 0, 'Vaik Helm', 1, 'Vaik', '0', -2, 3, NULL),
('vaik-body-lr', 1, 18, 0, 0, -1, 0, 0, 0, 0, 'Vaik Mail', 1, 'Vaik', '0', -2, 3, NULL),
('vaik-arms-lr', 2, 18, 0, 0, -1, 0, 0, 0, 0, 'Vaik Braces', 1, 'Vaik', '0', -2, 3, NULL),
('vaik-waist-lr', 3, 18, 0, 0, -1, 0, 0, 0, 0, 'Vaik Coil', 1, 'Vaik', '0', -2, 3, NULL),
('vaik-legs-lr', 4, 18, 0, 0, -1, 0, 0, 0, 0, 'Vaik Greaves', 1, 'Vaik', '0', -2, 3, NULL),
('aknosom-head-lr', 0, 16, 0, 3, 0, 0, 0, 0, 0, 'Aknosom Helm', 2, 'Aknosom', '0', -1, -3, NULL);
INSERT INTO "PUBLIC"."ARMOR_PIECE" VALUES
('aknosom-body-lr', 1, 16, 0, 3, 0, 0, 0, 0, 0, 'Aknosom Mail', 2, 'Aknosom', '0', -1, -3, NULL),
('aknosom-arms-lr', 2, 16, 0, 3, 0, 0, 0, 0, 0, 'Aknosom Braces', 2, 'Aknosom', '0', -1, -3, NULL),
('aknosom-waist-lr', 3, 16, 0, 3, 0, 0, 0, 0, 0, 'Aknosom Coil', 2, 'Aknosom', '0', -1, -3, NULL),
('aknosom-legs-lr', 4, 16, 0, 3, 0, 0, 0, 0, 0, 'Aknosom Greaves', 2, 'Aknosom', '0', -1, -3, NULL),
('alloy-head-lr', 0, 10, 0, -1, -1, 0, 0, 0, 0, 'Alloy Helm', 2, 'Alloy', '0', -1, 0, NULL),
('alloy-body-lr', 1, 10, 0, -1, -1, 0, 0, 0, 0, 'Alloy Mail', 2, 'Alloy', '0', -1, 0, NULL),
('alloy-arms-lr', 2, 10, 0, -1, -1, 0, 0, 0, 0, 'Alloy Vambraces', 2, 'Alloy', '0', -1, 0, NULL),
('alloy-waist-lr', 3, 10, 0, -1, -1, 0, 0, 0, 0, 'Alloy Coil', 2, 'Alloy', '0', -1, 0, NULL),
('alloy-legs-lr', 4, 10, 0, -1, -1, 0, 0, 0, 0, 'Alloy Greaves', 2, 'Alloy', '0', -1, 0, NULL),
('barioth-head-lr', 0, 20, 0, -5, 3, 0, 0, 0, 0, 'Barioth Helm', 2, 'Barioth', '0', -1, 0, NULL),
('barioth-body-lr', 1, 20, 0, -5, 3, 0, 0, 0, 0, 'Barioth Mail', 2, 'Barioth', '0', -1, 0, NULL),
('barioth-arms-lr', 2, 20, 0, -5, 3, 0, 0, 0, 0, 'Barioth Vambraces', 2, 'Barioth', '0', -1, 0, NULL),
('barioth-waist-lr', 3, 20, 0, -5, 3, 0, 0, 0, 0, 'Barioth Coil', 2, 'Barioth', '0', -1, 0, NULL),
('barioth-legs-lr', 4, 20, 0, -5, 3, 0, 0, 0, 0, 'Barioth Greaves', 2, 'Barioth', '0', -1, 0, NULL),
('barroth-head-lr', 0, 18, 0, -3, -1, 0, 0, 0, 0, 'Barroth Helm', 2, 'Barroth', '0', 3, -1, NULL),
('barroth-body-lr', 1, 18, 0, -3, -1, 0, 0, 0, 0, 'Barroth Mail', 2, 'Barroth', '0', 3, -1, NULL),
('barroth-arms-lr', 2, 18, 0, -3, -1, 0, 0, 0, 0, 'Barroth Vambraces', 2, 'Barroth', '0', 3, -1, NULL),
('barroth-waist-lr', 3, 18, 0, -3, -1, 0, 0, 0, 0, 'Barroth Coil', 2, 'Barroth', '0', 3, -1, NULL),
('barroth-legs-lr', 4, 18, 0, -3, -1, 0, 0, 0, 0, 'Barroth Greaves', 2, 'Barroth', '0', 3, -1, NULL),
('basarios-head-lr', 0, 22, -3, 0, 1, 0, 0, 0, 0, 'Basarios Helm', 2, 'Basarios', '0', 1, -2, NULL),
('basarios-body-lr', 1, 22, -3, 0, 1, 0, 0, 0, 0, 'Basarios Mail', 2, 'Basarios', '0', 1, -2, NULL),
('basarios-arms-lr', 2, 22, -3, 0, 1, 0, 0, 0, 0, 'Basarios Vambraces', 2, 'Basarios', '0', 1, -2, NULL),
('basarios-waist-lr', 3, 22, -3, 0, 1, 0, 0, 0, 0, 'Basarios Coil', 2, 'Basarios', '0', 1, -2, NULL),
('basarios-legs-lr', 4, 22, -3, 0, 1, 0, 0, 0, 0, 'Basarios Greaves', 2, 'Basarios', '0', 1, -2, NULL),
('bishaten-head-lr', 0, 22, 2, -2, -4, 0, 0, 0, 0, 'Bishaten Helm', 2, 'Bishaten', '0', 2, 2, NULL),
('bishaten-body-lr', 1, 22, 2, -2, -4, 0, 0, 0, 0, 'Bishaten Mail', 2, 'Bishaten', '0', 2, 2, NULL),
('bishaten-arms-lr', 2, 22, 2, -2, -4, 0, 0, 0, 0, 'Bishaten Vambraces', 2, 'Bishaten', '0', 2, 2, NULL),
('bishaten-waist-lr', 3, 22, 2, -2, -4, 0, 0, 0, 0, 'Bishaten Coil', 2, 'Bishaten', '0', 2, 2, NULL),
('bishaten-legs-lr', 4, 22, 2, -2, -4, 0, 0, 0, 0, 'Bishaten Greaves', 2, 'Bishaten', '0', 2, 2, NULL),
('bnahabra-head-lr', 0, 14, 2, -2, 0, 0, 0, 0, 0, 'Bnahabra Hat', 2, 'Bnahabra', '0', 0, 0, NULL),
('bnahabra-body-lr', 1, 14, 2, -2, 0, 0, 0, 0, 0, 'Bnahabra Suit', 2, 'Bnahabra', '0', 0, 0, NULL),
('bnahabra-arms-lr', 2, 14, 2, -2, 0, 0, 0, 0, 0, 'Bnahabra Gloves', 2, 'Bnahabra', '0', 0, 0, NULL),
('bnahabra-waist-lr', 3, 14, 2, -2, 0, 0, 0, 0, 0, 'Bnahabra Coil', 2, 'Bnahabra', '0', 0, 0, NULL),
('bnahabra-legs-lr', 4, 14, 2, -2, 0, 0, 0, 0, 0, 'Bnahabra Boots', 2, 'Bnahabra', '0', 0, 0, NULL),
('bone-head-lr', 0, 10, 0, 0, -1, 0, 0, 0, 0, 'Bone Helm', 2, 'Bone', '0', 0, 0, NULL),
('bone-body-lr', 1, 10, 0, 0, -1, 0, 0, 0, 0, 'Bone Mail', 2, 'Bone', '0', 0, 0, NULL),
('bone-arms-lr', 2, 10, 0, 0, -1, 0, 0, 0, 0, 'Bone Vambraces', 2, 'Bone', '0', 0, 0, NULL),
('bone-waist-lr', 3, 10, 0, 0, -1, 0, 0, 0, 0, 'Bone Coil', 2, 'Bone', '0', 0, 0, NULL),
('bone-legs-lr', 4, 10, 0, 0, -1, 0, 0, 0, 0, 'Bone Greaves', 2, 'Bone', '0', 0, 0, NULL),
('bullfango-head-lr', 0, 14, 0, 0, 0, 0, 0, 0, 0, 'Bullfango Mask', 2, 'Bullfango', '0', -2, 4, NULL),
('chaos-head-lr', 0, 12, 0, 4, 0, 0, 0, 0, 0, 'Chaoshroom', 2, 'Chaos', '0', 0, -4, NULL),
('chaos-body-lr', 1, 12, 0, 4, 0, 0, 0, 0, 0, 'Chaos Plate', 2, 'Chaos', '0', 0, -4, NULL);         
INSERT INTO "PUBLIC"."ARMOR_PIECE" VALUES
('death-stench-head-lr', 0, 18, 0, 3, -1, 0, 0, 0, 0, 'Death Stench Brain', 2, 'Death Stench', '0', 1, 1, NULL),
('death-stench-body-lr', 1, 18, 0, 3, -1, 0, 0, 0, 0, 'Death Stench Muscle', 2, 'Death Stench', '0', 1, 1, NULL),
('death-stench-arms-lr', 2, 18, 0, 3, -1, 0, 0, 0, 0, 'Death Stench Grip', 2, 'Death Stench', '0', 1, 1, NULL),
('death-stench-waist-lr', 3, 18, 0, 3, -1, 0, 0, 0, 0, 'Death Stench Bowels', 2, 'Death Stench', '0', 1, 1, NULL),
('death-stench-legs-lr', 4, 18, 0, 3, -1, 0, 0, 0, 0, 'Death Stench Heel', 2, 'Death Stench', '0', 1, 1, NULL),
('droth-body-lr', 1, 14, 0, -2, 0, 0, 0, 0, 0, 'Droth Mail', 2, 'Droth', '0', -1, 4, NULL),
('droth-waist-lr', 3, 14, 0, -2, 0, 0, 0, 0, 0, 'Droth Coil', 2, 'Droth', '0', -1, 4, NULL),
('droth-legs-lr', 4, 14, 0, -2, 0, 0, 0, 0, 0, 'Droth Greaves', 2, 'Droth', '0', -1, 4, NULL),
('gargwa-head-lr', 0, 14, 0, -3, 1, 0, 0, 0, 0, 'Gargwa Mask', 2, 'Gargwa', '0', -2, -2, NULL),
('great-wroggi-head-lr', 0, 16, 0, 2, -4, 0, 0, 0, 0, 'Wroggi Helm', 2, 'Great Wroggi', '0', 1, -2, NULL),
('great-wroggi-body-lr', 1, 16, 0, 2, -4, 0, 0, 0, 0, 'Wroggi Mail', 2, 'Great Wroggi', '0', 1, -2, NULL),
('great-wroggi-arms-lr', 2, 16, 0, 2, -4, 0, 0, 0, 0, 'Wroggi Vambraces', 2, 'Great Wroggi', '0', 1, -2, NULL),
('great-wroggi-waist-lr', 3, 16, 0, 2, -4, 0, 0, 0, 0, 'Wroggi Coil', 2, 'Great Wroggi', '0', 1, -2, NULL),
('great-wroggi-legs-lr', 4, 16, 0, 2, -4, 0, 0, 0, 0, 'Wroggi Greaves', 2, 'Great Wroggi', '0', 1, -2, NULL),
('ingot-head-lr', 0, 18, 0, -1, 0, 0, 0, 0, 0, 'Ingot Helm', 2, 'Ingot', '0', 1, -1, NULL),
('ingot-body-lr', 1, 18, 0, -1, 0, 0, 0, 0, 0, 'Ingot Mail', 2, 'Ingot', '0', 1, -1, NULL),
('ingot-arms-lr', 2, 18, 0, -1, 0, 0, 0, 0, 0, 'Ingot Vambraces', 2, 'Ingot', '0', 1, -1, NULL),
('ingot-waist-lr', 3, 18, 0, -1, 0, 0, 0, 0, 0, 'Ingot Coil', 2, 'Ingot', '0', 1, -1, NULL),
('ingot-legs-lr', 4, 18, 0, -1, 0, 0, 0, 0, 0, 'Ingot Greaves', 2, 'Ingot', '0', 1, -1, NULL),
('jaggi-arms-lr', 2, 14, 0, 0, 2, 0, 0, 0, 0, 'Jaggi Gauntlets', 2, 'Jaggi', '0', 0, 0, NULL),
('jaggi-legs-lr', 4, 14, 0, 0, 2, 0, 0, 0, 0, 'Jaggi Shinguards', 2, 'Jaggi', '0', 0, 0, NULL),
('jaggi-mask-head-lr', 0, 14, 0, 0, 0, 0, 0, 0, 0, 'Jaggi Mask', 2, 'Jaggi Mask', '0', 0, 0, NULL),
('khezu-head-lr', 0, 16, 1, -4, 2, 0, 0, 0, 0, 'Khezu Helm', 2, 'Khezu', '0', 4, 1, NULL),
('khezu-body-lr', 1, 16, 1, -4, 2, 0, 0, 0, 0, 'Khezu Mail', 2, 'Khezu', '0', 4, 1, NULL),
('khezu-arms-lr', 2, 16, 1, -4, 2, 0, 0, 0, 0, 'Khezu Vambraces', 2, 'Khezu', '0', 4, 1, NULL),
('khezu-waist-lr', 3, 16, 1, -4, 2, 0, 0, 0, 0, 'Khezu Coil', 2, 'Khezu', '0', 4, 1, NULL),
('khezu-legs-lr', 4, 16, 1, -4, 2, 0, 0, 0, 0, 'Khezu Greaves', 2, 'Khezu', '0', 4, 1, NULL),
('kulu-ya-ku-head-lr', 0, 16, 0, 0, 1, 0, 0, 0, 0, 'Kulu-Ya-Ku Helm', 2, 'Kulu-Ya-Ku', '0', 0, -3, NULL),
('kulu-ya-ku-body-lr', 1, 16, 0, 0, 1, 0, 0, 0, 0, 'Kulu-Ya-Ku Mail', 2, 'Kulu-Ya-Ku', '0', 0, -3, NULL),
('kulu-ya-ku-arms-lr', 2, 16, 0, 0, 1, 0, 0, 0, 0, 'Kulu-Ya-Ku Braces', 2, 'Kulu-Ya-Ku', '0', 0, -3, NULL),
('kulu-ya-ku-waist-lr', 3, 16, 0, 0, 1, 0, 0, 0, 0, 'Kulu-Ya-Ku Coil', 2, 'Kulu-Ya-Ku', '0', 0, -3, NULL),
('kulu-ya-ku-legs-lr', 4, 16, 0, 0, 1, 0, 0, 0, 0, 'Kulu-Ya-Ku Greaves', 2, 'Kulu-Ya-Ku', '0', 0, -3, NULL),
('ludroth-head-lr', 0, 18, 0, -3, 0, 0, 0, 0, 0, 'Ludroth Helm', 2, 'Ludroth', '0', -1, 4, NULL),
('ludroth-body-lr', 1, 18, 0, -3, 0, 0, 0, 0, 0, 'Ludroth Mail', 2, 'Ludroth', '0', -1, 4, NULL),
('ludroth-arms-lr', 2, 18, 0, -3, 0, 0, 0, 0, 0, 'Ludroth Braces', 2, 'Ludroth', '0', -1, 4, NULL),
('ludroth-waist-lr', 3, 18, 0, -3, 0, 0, 0, 0, 0, 'Ludroth Coil', 2, 'Ludroth', '0', -1, 4, NULL),
('ludroth-legs-lr', 4, 18, 0, -3, 0, 0, 0, 0, 0, 'Ludroth Greaves', 2, 'Ludroth', '0', -1, 4, NULL),
('melahoa-set-head-lr', 0, 18, 0, 0, 0, 0, 0, 0, 0, 'Melahoa Hat', 2, 'Melahoa Set', '0', 3, 1, NULL),
('melahoa-set-body-lr', 1, 18, 0, 0, 0, 0, 0, 0, 0, 'Melahoa Jacket', 2, 'Melahoa Set', '0', 3, 1, NULL),
('melahoa-set-arms-lr', 2, 18, 0, 0, 0, 0, 0, 0, 0, 'Melahoa Branch', 2, 'Melahoa Set', '0', 3, 1, NULL);             
INSERT INTO "PUBLIC"."ARMOR_PIECE" VALUES
('melahoa-set-waist-lr', 3, 18, 0, 0, 0, 0, 0, 0, 0, 'Melahoa Folia', 2, 'Melahoa Set', '0', 3, 1, NULL),
('melahoa-set-legs-lr', 4, 18, 0, 0, 0, 0, 0, 0, 0, 'Melahoa Roots', 2, 'Melahoa Set', '0', 3, 1, NULL),
('mosgharl-head-lr', 0, 18, 0, -3, 3, 0, 0, 0, 0, 'Mosgharl Visor', 2, 'Mosgharl', '0', 0, 1, NULL),
('mosgharl-body-lr', 1, 18, 0, -3, 3, 0, 0, 0, 0, 'Mosgharl Ribplate', 2, 'Mosgharl', '0', 0, 1, NULL),
('mosgharl-arms-lr', 2, 18, 0, -3, 3, 0, 0, 0, 0, 'Mosgharl Creeper', 2, 'Mosgharl', '0', 0, 1, NULL),
('mosgharl-waist-lr', 3, 18, 0, -3, 3, 0, 0, 0, 0, 'Mosgharl Folia', 2, 'Mosgharl', '0', 0, 1, NULL),
('mosgharl-legs-lr', 4, 18, 0, -3, 3, 0, 0, 0, 0, 'Mosgharl Roots', 2, 'Mosgharl', '0', 0, 1, NULL),
('pukei-pukei-head-lr', 0, 20, 1, 0, 0, 0, 0, 0, 0, 'Pukei-Pukei Helm', 2, 'Pukei-Pukei', '0', -3, 3, NULL),
('pukei-pukei-body-lr', 1, 20, 1, 0, 0, 0, 0, 0, 0, 'Pukei-Pukei Mail', 2, 'Pukei-Pukei', '0', -3, 3, NULL),
('pukei-pukei-arms-lr', 2, 20, 1, 0, 0, 0, 0, 0, 0, 'Pukei-Pukei Braces', 2, 'Pukei-Pukei', '0', -3, 3, NULL),
('pukei-pukei-waist-lr', 3, 20, 1, 0, 0, 0, 0, 0, 0, 'Pukei-Pukei Coil', 2, 'Pukei-Pukei', '0', -3, 3, NULL),
('pukei-pukei-legs-lr', 4, 20, 1, 0, 0, 0, 0, 0, 0, 'Pukei-Pukei Greaves', 2, 'Pukei-Pukei', '0', -3, 3, NULL),
('rathian-head-lr', 0, 22, -3, 3, 0, 0, 0, 0, 0, 'Rathian Helm', 2, 'Rathian', '0', -2, 0, NULL),
('rathian-body-lr', 1, 22, -3, 3, 0, 0, 0, 0, 0, 'Rathian Mail', 2, 'Rathian', '0', -2, 0, NULL),
('rathian-arms-lr', 2, 22, -3, 3, 0, 0, 0, 0, 0, 'Rathian Braces', 2, 'Rathian', '0', -2, 0, NULL),
('rathian-waist-lr', 3, 22, -3, 3, 0, 0, 0, 0, 0, 'Rathian Coil', 2, 'Rathian', '0', -2, 0, NULL),
('rathian-legs-lr', 4, 22, -3, 3, 0, 0, 0, 0, 0, 'Rathian Greaves', 2, 'Rathian', '0', -2, 0, NULL),
('remobra-head-lr', 0, 18, 2, 1, 1, 0, 0, 0, 0, 'Remobra Headgear', 2, 'Remobra', '0', 1, 1, NULL),
('remobra-body-lr', 1, 18, 2, 1, 1, 0, 0, 0, 0, 'Remobra Suit', 2, 'Remobra', '0', 1, 1, NULL),
('remobra-arms-lr', 2, 18, 2, 1, 1, 0, 0, 0, 0, 'Remobra Gloves', 2, 'Remobra', '0', 1, 1, NULL),
('remobra-waist-lr', 3, 18, 2, 1, 1, 0, 0, 0, 0, 'Remobra Belt', 2, 'Remobra', '0', 1, 1, NULL),
('remobra-legs-lr', 4, 18, 2, 1, 1, 0, 0, 0, 0, 'Remobra Feet', 2, 'Remobra', '0', 1, 1, NULL),
('rhenoplos-head-lr', 0, 14, 0, 2, -2, 0, 0, 0, 0, 'Rhenoplos Helm', 2, 'Rhenoplos', '0', 0, 0, NULL),
('rhenoplos-body-lr', 1, 14, 0, 2, -2, 0, 0, 0, 0, 'Rhenoplos Mail', 2, 'Rhenoplos', '0', 0, 0, NULL),
('rhenoplos-arms-lr', 2, 14, 0, 2, -2, 0, 0, 0, 0, 'Rhenoplos Braces', 2, 'Rhenoplos', '0', 0, 0, NULL),
('rhenoplos-waist-lr', 3, 14, 0, 2, -2, 0, 0, 0, 0, 'Rhenoplos Coil', 2, 'Rhenoplos', '0', 0, 0, NULL),
('rhenoplos-legs-lr', 4, 14, 0, 2, -2, 0, 0, 0, 0, 'Rhenoplos Greaves', 2, 'Rhenoplos', '0', 0, 0, NULL),
('shell-studded-head-lr', 0, 12, 0, 0, -1, 0, 0, 0, 0, 'S. Studded Hat', 2, 'Shell-Studded', '0', 1, 2, NULL),
('shell-studded-body-lr', 1, 12, 0, 0, -1, 0, 0, 0, 0, 'Shell-Studded Vest', 2, 'Shell-Studded', '0', 1, 2, NULL),
('shell-studded-arms-lr', 2, 12, 0, 0, -1, 0, 0, 0, 0, 'Shell-Studded Gloves', 2, 'Shell-Studded', '0', 1, 2, NULL),
('shell-studded-waist-lr', 3, 12, 0, 0, -1, 0, 0, 0, 0, 'S. Studded Sash', 2, 'Shell-Studded', '0', 1, 2, NULL),
('shell-studded-legs-lr', 4, 12, 0, 0, -1, 0, 0, 0, 0, 'Shelled Sandals', 2, 'Shell-Studded', '0', 1, 2, NULL),
('slagoth-head-lr', 0, 14, 1, -2, -1, 0, 0, 0, 0, 'Slagtoth Hood', 2, 'Slagoth', '0', 0, 2, NULL),
('slagoth-body-lr', 1, 14, 1, -2, -1, 0, 0, 0, 0, 'Slagtoth Cloak', 2, 'Slagoth', '0', 0, 2, NULL),
('somnacanth-head-lr', 0, 22, 1, -1, 0, 0, 0, 0, 0, 'Somnacanth Helm', 2, 'Somnacanth', '0', -3, 2, NULL),
('somnacanth-body-lr', 1, 22, 1, -1, 0, 0, 0, 0, 0, 'Somnacanth Mail', 2, 'Somnacanth', '0', -3, 2, NULL),
('somnacanth-arms-lr', 2, 22, 1, -1, 0, 0, 0, 0, 0, 'Somnacanth Braces', 2, 'Somnacanth', '0', -3, 2, NULL),
('somnacanth-waist-lr', 3, 22, 1, -1, 0, 0, 0, 0, 0, 'Somnacanth Coil', 2, 'Somnacanth', '0', -3, 2, NULL),
('somnacanth-legs-lr', 4, 22, 1, -1, 0, 0, 0, 0, 0, 'Somnacanth Greaves', 2, 'Somnacanth', '0', -3, 2, NULL); 
INSERT INTO "PUBLIC"."ARMOR_PIECE" VALUES
('tetranodon-head-lr', 0, 18, 0, -1, 1, 0, 0, 0, 0, 'Tetranadon Helm', 2, 'Tetranodon', '0', -2, 4, NULL),
('tetranodon-body-lr', 1, 18, 0, -1, 1, 0, 0, 0, 0, 'Tetranadon Mail', 2, 'Tetranodon', '0', -2, 4, NULL),
('tetranodon-arms-lr', 2, 18, 0, -1, 1, 0, 0, 0, 0, 'Tetranadon Braces', 2, 'Tetranodon', '0', -2, 4, NULL),
('tetranodon-waist-lr', 3, 18, 0, -1, 1, 0, 0, 0, 0, 'Tetranadon Coil', 2, 'Tetranodon', '0', -2, 4, NULL),
('tetranodon-legs-lr', 4, 18, 0, -1, 1, 0, 0, 0, 0, 'Tetranadon Greaves', 2, 'Tetranodon', '0', -2, 4, NULL),
('tobi-kadachi-head-lr', 0, 20, 0, 0, 0, 0, 0, 0, 0, 'Kadachi Helm', 2, 'Tobi-Kadachi', '0', 3, -3, NULL),
('tobi-kadachi-body-lr', 1, 20, 0, 0, 0, 0, 0, 0, 0, 'Tobi-Kadachi Mail', 2, 'Tobi-Kadachi', '0', 3, -3, NULL),
('tobi-kadachi-arms-lr', 2, 20, 0, 0, 0, 0, 0, 0, 0, 'Tobi-Kadachi Braces', 2, 'Tobi-Kadachi', '0', 3, -3, NULL),
('tobi-kadachi-waist-lr', 3, 20, 0, 0, 0, 0, 0, 0, 0, 'Tobi-Kadachi Coil', 2, 'Tobi-Kadachi', '0', 3, -3, NULL),
('tobi-kadachi-legs-lr', 4, 20, 0, 0, 0, 0, 0, 0, 0, 'Kadachi Greaves', 2, 'Tobi-Kadachi', '0', 3, -3, NULL),
('uroktor-body-lr', 1, 18, 0, 4, -1, 0, 0, 0, 0, 'Uroktor Torso', 2, 'Uroktor', '0', 0, -2, NULL),
('uroktor-waist-lr', 3, 18, 0, 4, -1, 0, 0, 0, 0, 'Uroktor Coil', 2, 'Uroktor', '0', 0, -2, NULL),
('volvidon-head-lr', 0, 20, 1, 2, -1, 0, 0, 0, 0, 'Volvidon Helm', 2, 'Volvidon', '0', 0, -3, NULL),
('volvidon-body-lr', 1, 20, 1, 2, -1, 0, 0, 0, 0, 'Volvidon Mail', 2, 'Volvidon', '0', 0, -3, NULL),
('volvidon-arms-lr', 2, 20, 1, 2, -1, 0, 0, 0, 0, 'Volvidon Vambraces', 2, 'Volvidon', '0', 0, -3, NULL),
('volvidon-waist-lr', 3, 20, 1, 2, -1, 0, 0, 0, 0, 'Volvidon Coil', 2, 'Volvidon', '0', 0, -3, NULL),
('volvidon-legs-lr', 4, 20, 1, 2, -1, 0, 0, 0, 0, 'Volvidon Greaves', 2, 'Volvidon', '0', 0, -3, NULL),
('almudron-head-lr', 0, 30, -2, -4, -2, 0, 0, 0, 0, 'Almudron Helm', 3, 'Almudron', '0', 3, 3, NULL),
('almudron-body-lr', 1, 30, -2, -4, -2, 0, 0, 0, 0, 'Almudron Mail', 3, 'Almudron', '0', 3, 3, NULL),
('almudron-arms-lr', 2, 30, -2, -4, -2, 0, 0, 0, 0, 'Almudron Vambraces', 3, 'Almudron', '0', 3, 3, NULL),
('almudron-waist-lr', 3, 30, -2, -4, -2, 0, 0, 0, 0, 'Almudron Coil', 3, 'Almudron', '0', 3, 3, NULL),
('almudron-legs-lr', 4, 30, -2, -4, -2, 0, 0, 0, 0, 'Almudron Greaves', 3, 'Almudron', '0', 3, 3, NULL),
('anjanath-head-lr', 0, 26, 0, 3, -1, 0, 0, 0, 0, 'Anjanath Helm', 3, 'Anjanath', '0', -1, -3, NULL),
('anjanath-body-lr', 1, 26, 0, 3, -1, 0, 0, 0, 0, 'Anjanath Mail', 3, 'Anjanath', '0', -1, -3, NULL),
('anjanath-arms-lr', 2, 26, 0, 3, -1, 0, 0, 0, 0, 'Anjanath Vambraces', 3, 'Anjanath', '0', -1, -3, NULL),
('anjanath-waist-lr', 3, 26, 0, 3, -1, 0, 0, 0, 0, 'Anjanath Coil', 3, 'Anjanath', '0', -1, -3, NULL),
('anjanath-legs-lr', 4, 26, 0, 3, -1, 0, 0, 0, 0, 'Anjanath Greaves', 3, 'Anjanath', '0', -1, -3, NULL),
('channeler-utsushi-h-head-lr', 0, 24, 0, 3, 0, 0, 0, 0, 0, 'Channeler''s Hair-tie/Utsushi Mask (H)', 3, 'Channeler/Utsushi (H)', '0', 0, 0, NULL),
('channeler-utsushi-h-body-lr', 1, 24, 0, 3, 0, 0, 0, 0, 0, 'Channeler''s Robe/Utsushi Chest (H)', 3, 'Channeler/Utsushi (H)', '0', 0, 0, NULL),
('channeler-utsushi-h-arms-lr', 2, 24, 0, 3, 0, 0, 0, 0, 0, 'Channeler''s Hope/Utsushi Braces (H)', 3, 'Channeler/Utsushi (H)', '0', 0, 0, NULL),
('channeler-utsushi-h-waist-lr', 3, 24, 0, 3, 0, 0, 0, 0, 0, 'Channeler''s Obi/Utsushi Tassets (H)', 3, 'Channeler/Utsushi (H)', '0', 0, 0, NULL),
('channeler-utsushi-h-legs-lr', 4, 24, 0, 3, 0, 0, 0, 0, 0, 'Channeler''s Hakama/Utsushi Greaves (H)', 3, 'Channeler/Utsushi (H)', '0', 0, 0, NULL),
('diablos-head-lr', 0, 30, -1, 3, -3, 0, 0, 0, 0, 'Diablos Helm', 3, 'Diablos', '0', -1, -1, NULL),
('diablos-body-lr', 1, 30, -1, 3, -3, 0, 0, 0, 0, 'Diablos Mail', 3, 'Diablos', '0', -1, -1, NULL),
('diablos-arms-lr', 2, 30, -1, 3, -3, 0, 0, 0, 0, 'Diablos Vambraces', 3, 'Diablos', '0', -1, -1, NULL),
('diablos-waist-lr', 3, 30, -1, 3, -3, 0, 0, 0, 0, 'Diablos Coil', 3, 'Diablos', '0', -1, -1, NULL),
('diablos-legs-lr', 4, 30, -1, 3, -3, 0, 0, 0, 0, 'Diablos Greaves', 3, 'Diablos', '0', -1, -1, NULL);           
INSERT INTO "PUBLIC"."ARMOR_PIECE" VALUES
('goss-harag-head-lr', 0, 30, 0, -4, 4, 0, 0, 0, 0, 'Goss Harag Helm', 3, 'Goss Harag', '0', -1, 1, NULL),
('goss-harag-body-lr', 1, 30, 0, -4, 4, 0, 0, 0, 0, 'Goss Harag Mail', 3, 'Goss Harag', '0', -1, 1, NULL),
('goss-harag-arms-lr', 2, 30, 0, -4, 4, 0, 0, 0, 0, 'Goss Harag Braces', 3, 'Goss Harag', '0', -1, 1, NULL),
('goss-harag-waist-lr', 3, 30, 0, -4, 4, 0, 0, 0, 0, 'Goss Harag Coil', 3, 'Goss Harag', '0', -1, 1, NULL),
('goss-harag-legs-lr', 4, 30, 0, -4, 4, 0, 0, 0, 0, 'Goss Harag Greaves', 3, 'Goss Harag', '0', -1, 1, NULL),
('jelly-head-lr', 0, 24, 0, 1, 2, 0, 0, 0, 0, 'Jelly Hat', 3, 'Jelly', '0', 0, 3, NULL),
('jelly-body-lr', 1, 24, 0, 1, 2, 0, 0, 0, 0, 'Jelly Vest', 3, 'Jelly', '0', 0, 3, NULL),
('jelly-arms-lr', 2, 24, 0, 1, 2, 0, 0, 0, 0, 'Jelly Gloves', 3, 'Jelly', '0', 0, 3, NULL),
('jelly-waist-lr', 3, 24, 0, 1, 2, 0, 0, 0, 0, 'Jelly Coil', 3, 'Jelly', '0', 0, 3, NULL),
('jelly-legs-lr', 4, 24, 0, 1, 2, 0, 0, 0, 0, 'Jelly Boots', 3, 'Jelly', '0', 0, 3, NULL),
('magnamalo-head-lr', 0, 28, 1, 3, 1, 0, 0, 0, 0, 'Sinister Helm', 3, 'Magnamalo', '0', -2, -3, NULL),
('magnamalo-body-lr', 1, 28, 1, 3, 1, 0, 0, 0, 0, 'Sinister Garb', 3, 'Magnamalo', '0', -2, -3, NULL),
('magnamalo-arms-lr', 2, 28, 1, 3, 1, 0, 0, 0, 0, 'Sinister Gauntlets', 3, 'Magnamalo', '0', -2, -3, NULL),
('magnamalo-waist-lr', 3, 28, 1, 3, 1, 0, 0, 0, 0, 'Sinister Tassets', 3, 'Magnamalo', '0', -2, -3, NULL),
('magnamalo-legs-lr', 4, 28, 1, 3, 1, 0, 0, 0, 0, 'Sinister Greaves', 3, 'Magnamalo', '0', -2, -3, NULL),
('makluva-head-lr', 0, 24, 0, 1, 0, 0, 0, 0, 0, 'Makluva Hood', 3, 'Makluva', '0', -2, 2, NULL),
('makluva-body-lr', 1, 24, 0, 1, 0, 0, 0, 0, 0, 'Makluva Cover', 3, 'Makluva', '0', -2, 2, NULL),
('makluva-arms-lr', 2, 24, 0, 1, 0, 0, 0, 0, 0, 'Makluva Sleeves', 3, 'Makluva', '0', -2, 2, NULL),
('makluva-waist-lr', 3, 24, 0, 1, 0, 0, 0, 0, 0, 'Makluva Coil', 3, 'Makluva', '0', -2, 2, NULL),
('makluva-legs-lr', 4, 24, 0, 1, 0, 0, 0, 0, 0, 'Makluva Pants', 3, 'Makluva', '0', -2, 2, NULL),
('medium-utsushi-v-head-lr', 0, 24, 0, 3, 0, 0, 0, 0, 0, 'Medium''s Hair-tie/Utsushi Mask (V)', 3, 'Medium/Utsushi (V)', '0', 0, 0, NULL),
('medium-utsushi-v-body-lr', 1, 24, 0, 3, 0, 0, 0, 0, 0, 'Medium''s Robe/Utsushi Chest (V)', 3, 'Medium/Utsushi (V)', '0', 0, 0, NULL),
('medium-utsushi-v-arms-lr', 2, 24, 0, 3, 0, 0, 0, 0, 0, 'Medium''s Prayer/Utsushi Braces (V)', 3, 'Medium/Utsushi (V)', '0', 0, 0, NULL),
('medium-utsushi-v-waist-lr', 3, 24, 0, 3, 0, 0, 0, 0, 0, 'Medium''s Obi/Utsushi Tassets (V)', 3, 'Medium/Utsushi (V)', '0', 0, 0, NULL),
('medium-utsushi-v-legs-lr', 4, 24, 0, 3, 0, 0, 0, 0, 0, 'Medium''s Hakama/Utsushi Greaves (V)', 3, 'Medium/Utsushi (V)', '0', 0, 0, NULL),
('mizutsune-head-lr', 0, 26, -1, 0, 1, 0, 0, 0, 0, 'Mizutsune Helm', 3, 'Mizutsune', '0', -3, 2, NULL),
('mizutsune-body-lr', 1, 26, -1, 0, 1, 0, 0, 0, 0, 'Mizutsune Mail', 3, 'Mizutsune', '0', -3, 2, NULL),
('mizutsune-arms-lr', 2, 26, -1, 0, 1, 0, 0, 0, 0, 'Mizutsune Braces', 3, 'Mizutsune', '0', -3, 2, NULL),
('mizutsune-waist-lr', 3, 26, -1, 0, 1, 0, 0, 0, 0, 'Mizutsune Coil', 3, 'Mizutsune', '0', -3, 2, NULL),
('mizutsune-legs-lr', 4, 26, -1, 0, 1, 0, 0, 0, 0, 'Mizutsune Greaves', 3, 'Mizutsune', '0', -3, 2, NULL),
('nargacuga-head-lr', 0, 26, 1, -2, 1, 0, 0, 0, 0, 'Nargacuga Helm', 3, 'Nargacuga', '0', -3, 1, NULL),
('nargacuga-body-lr', 1, 26, 1, -2, 1, 0, 0, 0, 0, 'Nargacuga Mail', 3, 'Nargacuga', '0', -3, 1, NULL),
('nargacuga-arms-lr', 2, 26, 1, -2, 1, 0, 0, 0, 0, 'Nargacuga Braces', 3, 'Nargacuga', '0', -3, 1, NULL),
('nargacuga-waist-lr', 3, 26, 1, -2, 1, 0, 0, 0, 0, 'Nargacuga Coil', 3, 'Nargacuga', '0', -3, 1, NULL),
('nargacuga-legs-lr', 4, 26, 1, -2, 1, 0, 0, 0, 0, 'Nargacuga Greaves', 3, 'Nargacuga', '0', -3, 1, NULL),
('rathalos-head-lr', 0, 28, -4, 4, 0, 0, 0, 0, 0, 'Rathalos Helm', 3, 'Rathalos', '0', -2, 0, NULL),
('rathalos-body-lr', 1, 28, -4, 4, 0, 0, 0, 0, 0, 'Rathalos Mail', 3, 'Rathalos', '0', -2, 0, NULL),
('rathalos-arms-lr', 2, 28, -4, 4, 0, 0, 0, 0, 0, 'Rathalos Braces', 3, 'Rathalos', '0', -2, 0, NULL);         
INSERT INTO "PUBLIC"."ARMOR_PIECE" VALUES
('rathalos-waist-lr', 3, 28, -4, 4, 0, 0, 0, 0, 0, 'Rathalos Coil', 3, 'Rathalos', '0', -2, 0, NULL),
('rathalos-legs-lr', 4, 28, -4, 4, 0, 0, 0, 0, 0, 'Rathalos Greaves', 3, 'Rathalos', '0', -2, 0, NULL),
('rhopessa-aelucanth-head-lr', 0, 24, 2, -2, -2, 0, 0, 0, 0, 'Rhopessa/Aelucanth Vertex', 3, 'Rhopessa/Aelucanth', '0', 3, 0, NULL),
('rhopessa-aelucanth-body-lr', 1, 24, 2, -2, -2, 0, 0, 0, 0, 'Rhopessa/Aelucanth Thorax', 3, 'Rhopessa/Aelucanth', '0', 3, 0, NULL),
('rhopessa-aelucanth-arms-lr', 2, 24, 2, -2, -2, 0, 0, 0, 0, 'Rhopessa/Aelucanth Brachia', 3, 'Rhopessa/Aelucanth', '0', 3, 0, NULL),
('rhopessa-aelucanth-waist-lr', 3, 24, 2, -2, -2, 0, 0, 0, 0, 'Rhopessa/Aelucanth Elytra', 3, 'Rhopessa/Aelucanth', '0', 3, 0, NULL),
('rhopessa-aelucanth-legs-lr', 4, 24, 2, -2, -2, 0, 0, 0, 0, 'Rhopessa/Aelucanth Crura', 3, 'Rhopessa/Aelucanth', '0', 3, 0, NULL),
('skull-head-lr', 0, 28, 4, -3, -3, 0, 0, 0, 0, 'Skull Visage', 3, 'Skull', '0', -3, -3, NULL),
('spio-skalda-head-lr', 0, 12, 3, 3, -1, 0, 0, 0, 0, 'Spio/Skalda Vertex', 3, 'Spio/Skalda', '0', -1, -1, NULL),
('spio-skalda-body-lr', 1, 12, 3, 3, -1, 0, 0, 0, 0, 'Spio/Skalda Thorax', 3, 'Spio/Skalda', '0', -1, -1, NULL),
('spio-skalda-arms-lr', 2, 12, 3, 3, -1, 0, 0, 0, 0, 'Spio/Skalda Brachia', 3, 'Spio/Skalda', '0', -1, -1, NULL),
('spio-skalda-waist-lr', 3, 12, 3, 3, -1, 0, 0, 0, 0, 'Spio/Skalda Elytra', 3, 'Spio/Skalda', '0', -1, -1, NULL),
('spio-skalda-legs-lr', 4, 12, 3, 3, -1, 0, 0, 0, 0, 'Spio/Skalda Crura', 3, 'Spio/Skalda', '0', -1, -1, NULL),
('tigrex-head-lr', 0, 30, -2, 2, 0, 0, 0, 0, 0, 'Tigrex Helm', 3, 'TIgrex', '0', -3, 0, NULL),
('tigrex-body-lr', 1, 30, -2, 2, 0, 0, 0, 0, 0, 'Tigrex Mail', 3, 'TIgrex', '0', -3, 0, NULL),
('tigrex-arms-lr', 2, 30, -2, 2, 0, 0, 0, 0, 0, 'Tigrex Braces', 3, 'TIgrex', '0', -3, 0, NULL),
('tigrex-waist-lr', 3, 30, -2, 2, 0, 0, 0, 0, 0, 'Tigrex Coil', 3, 'TIgrex', '0', -3, 0, NULL),
('tigrex-legs-lr', 4, 30, -2, 2, 0, 0, 0, 0, 0, 'Tigrex Greaves', 3, 'TIgrex', '0', -3, 0, NULL),
('zinogre-head-lr', 0, 28, 1, 0, -4, 0, 0, 0, 0, 'Zinogre Helm', 3, 'Zinogre', '0', 4, -1, NULL),
('zinogre-body-lr', 1, 28, 1, 0, -4, 0, 0, 0, 0, 'Zinogre Mail', 3, 'Zinogre', '0', 4, -1, NULL),
('zinogre-arms-lr', 2, 28, 1, 0, -4, 0, 0, 0, 0, 'Zinogre Braces', 3, 'Zinogre', '0', 4, -1, NULL),
('zinogre-waist-lr', 3, 28, 1, 0, -4, 0, 0, 0, 0, 'Zinogre Coil', 3, 'Zinogre', '0', 4, -1, NULL),
('zinogre-legs-lr', 4, 28, 1, 0, -4, 0, 0, 0, 0, 'Zinogre Greaves', 3, 'Zinogre', '0', 4, -1, NULL),
('aknosom-head-s', 0, 38, 0, 3, 0, 0, 1, 0, 0, 'Aknosom Helm S', 4, 'Aknosom', '1', -1, -3, NULL),
('aknosom-body-s', 1, 38, 0, 3, 0, 1, 0, 0, 0, 'Aknosom Mail S', 4, 'Aknosom', '1', -1, -3, NULL),
('aknosom-arms-s', 2, 38, 0, 3, 0, 2, 0, 0, 0, 'Aknosom Braces S', 4, 'Aknosom', '1', -1, -3, NULL),
('aknosom-waist-s', 3, 38, 0, 3, 0, 1, 0, 1, 0, 'Aknosom Coil S', 4, 'Aknosom', '1', -1, -3, NULL),
('aknosom-legs-s', 4, 38, 0, 3, 0, 1, 0, 0, 0, 'Aknosom Greaves S', 4, 'Aknosom', '1', -1, -3, NULL),
('alloy-head-s', 0, 32, 0, -1, -1, 1, 0, 0, 0, 'Alloy Helm S', 4, 'Alloy', '1', -1, 0, NULL),
('alloy-body-s', 1, 32, 0, -1, -1, 0, 1, 0, 0, 'Alloy Mail S', 4, 'Alloy', '1', -1, 0, NULL),
('alloy-arms-s', 2, 32, 0, -1, -1, 1, 0, 0, 0, 'Alloy Vambraces S', 4, 'Alloy', '1', -1, 0, NULL),
('alloy-waist-s', 3, 32, 0, -1, -1, 2, 0, 0, 0, 'Alloy Coil S', 4, 'Alloy', '1', -1, 0, NULL),
('alloy-legs-s', 4, 32, 0, -1, -1, 0, 1, 0, 0, 'Alloy Greaves S', 4, 'Alloy', '1', -1, 0, NULL),
('arzuros-head-s', 0, 36, 0, -2, 0, 2, 0, 0, 0, 'Arzuros Helm S', 4, 'Arzuros', '1', -2, 0, NULL),
('arzuros-body-s', 1, 36, 0, -2, 0, 0, 1, 0, 0, 'Arzuros Mail S', 4, 'Arzuros', '1', -2, 0, NULL),
('arzuros-arms-s', 2, 36, 0, -2, 0, 1, 0, 0, 0, 'Arzuros Vambraces S', 4, 'Arzuros', '1', -2, 0, NULL),
('arzuros-waist-s', 3, 36, 0, -2, 0, 2, 0, 0, 0, 'Arzuros Coil S', 4, 'Arzuros', '1', -2, 0, NULL),
('arzuros-legs-s', 4, 36, 0, -2, 0, 1, 1, 1, 0, 'Arzuros Greaves S', 4, 'Arzuros', '1', -2, 0, NULL),
('barroth-head-s', 0, 50, 0, -3, -1, 1, 1, 0, 0, 'Barroth Helm S', 4, 'Barroth', '1', 3, -1, NULL);       
INSERT INTO "PUBLIC"."ARMOR_PIECE" VALUES
('barroth-body-s', 1, 50, 0, -3, -1, 0, 1, 0, 0, 'Barroth Mail S', 4, 'Barroth', '1', 3, -1, NULL),
('barroth-arms-s', 2, 50, 0, -3, -1, 2, 0, 0, 0, 'Barroth Vambraces S', 4, 'Barroth', '1', 3, -1, NULL),
('barroth-waist-s', 3, 50, 0, -3, -1, 1, 0, 0, 0, 'Barroth Coil S', 4, 'Barroth', '1', 3, -1, NULL),
('barroth-legs-s', 4, 50, 0, -3, -1, 1, 1, 0, 0, 'Barroth Greaves S', 4, 'Barroth', '1', 3, -1, NULL),
('bnahabra-head-s', 0, 34, 2, -2, 0, 0, 1, 0, 0, 'Bnahabra Hat S', 4, 'Bnahabra', '1', 0, 0, NULL),
('bnahabra-body-s', 1, 34, 2, -2, 0, 2, 0, 0, 0, 'Bnahabra Suit S', 4, 'Bnahabra', '1', 0, 0, NULL),
('bnahabra-arms-s', 2, 34, 2, -2, 0, 1, 0, 0, 0, 'Bnahabra Gloves S', 4, 'Bnahabra', '1', 0, 0, NULL),
('bnahabra-waist-s', 3, 34, 2, -2, 0, 2, 0, 0, 0, 'Bnahabra Coil S', 4, 'Bnahabra', '1', 0, 0, NULL),
('bnahabra-legs-s', 4, 34, 2, -2, 0, 1, 1, 0, 0, 'Bnahabra Boots S', 4, 'Bnahabra', '1', 0, 0, NULL),
('bone-head-s', 0, 32, 0, 0, -1, 1, 0, 0, 0, 'Bone Helm S', 4, 'Bone', '1', 0, 0, NULL),
('bone-body-s', 1, 32, 0, 0, -1, 1, 0, 0, 0, 'Bone Mail S', 4, 'Bone', '1', 0, 0, NULL),
('bone-arms-s', 2, 32, 0, 0, -1, 2, 0, 0, 0, 'Bone Vambraces S', 4, 'Bone', '1', 0, 0, NULL),
('bone-waist-s', 3, 32, 0, 0, -1, 1, 1, 0, 0, 'Bone Coil S', 4, 'Bone', '1', 0, 0, NULL),
('bone-legs-s', 4, 32, 0, 0, -1, 0, 1, 0, 0, 'Bone Greaves S', 4, 'Bone', '1', 0, 0, NULL),
('bullfango-head-s', 0, 36, 0, 0, 0, 1, 0, 0, 0, 'Bullfango Mask S', 4, 'Bullfango', '1', -2, 4, NULL),
('chainmail-head-s', 0, 32, 0, 0, 0, 0, 1, 0, 0, 'Chainmail Headgear S', 4, 'Chainmail', '1', 1, 0, NULL),
('chainmail-body-s', 1, 32, 0, 0, 0, 1, 0, 0, 0, 'Chainmail Vest S', 4, 'Chainmail', '1', 1, 0, NULL),
('chainmail-arms-s', 2, 32, 0, 0, 0, 2, 0, 0, 0, 'Chainmail Gloves S', 4, 'Chainmail', '1', 1, 0, NULL),
('chainmail-waist-s', 3, 32, 0, 0, 0, 2, 0, 0, 0, 'Chainmail Belt S', 4, 'Chainmail', '1', 1, 0, NULL),
('chainmail-legs-s', 4, 32, 0, 0, 0, 2, 0, 0, 0, 'Chainmail Pants S', 4, 'Chainmail', '1', 1, 0, NULL),
('chaos-head-s', 0, 40, 0, 2, 0, 2, 0, 0, 0, 'Chaos Archbun', 4, 'Chaos', '1', 0, -2, NULL),
('chaos-body-s', 1, 40, 0, 2, 0, 0, 0, 0, 0, 'Chaos Archplate', 4, 'Chaos', '1', 0, -2, NULL),
('droth-body-s', 1, 42, 0, -2, 0, 1, 1, 0, 0, 'Droth Mail S', 4, 'Droth', '1', 1, 4, NULL),
('droth-waist-s', 3, 42, 0, -2, 0, 1, 0, 1, 0, 'Droth Coil S', 4, 'Droth', '1', 1, 4, NULL),
('droth-legs-s', 4, 42, 0, -2, 0, 0, 1, 0, 0, 'Droth Greaves S', 4, 'Droth', '1', 1, 4, NULL),
('edel-head-s', 0, 40, 0, -1, 0, 0, 2, 0, 0, 'Edel Vizor S', 4, 'Edel', '1', -1, 3, NULL),
('edel-body-s', 1, 40, 0, -1, 0, 2, 0, 0, 0, 'Edel Ribplate S', 4, 'Edel', '1', -1, 3, NULL),
('edel-arms-s', 2, 40, 0, -1, 0, 0, 0, 0, 0, 'Edel Creeper S', 4, 'Edel', '1', -1, 3, NULL),
('edel-waist-s', 3, 40, 0, -1, 0, 0, 1, 0, 0, 'Edel Folia S', 4, 'Edel', '1', -1, 3, NULL),
('edel-legs-s', 4, 40, 0, -1, 0, 1, 0, 1, 0, 'Edel Roots S', 4, 'Edel', '1', -1, 3, NULL),
('great-baggi-head-s', 0, 36, 1, -4, 2, 1, 1, 0, 0, 'Baggi Helm S', 4, 'Great Baggi', '1', -1, -1, NULL),
('great-baggi-body-s', 1, 36, 1, -4, 2, 1, 0, 0, 0, 'Baggi Mail S', 4, 'Great Baggi', '1', -1, -1, NULL),
('great-baggi-arms-s', 2, 36, 1, -4, 2, 2, 0, 0, 0, 'Baggi Vambraces S', 4, 'Great Baggi', '1', -1, -1, NULL),
('great-baggi-waist-s', 3, 36, 1, -4, 2, 1, 0, 0, 0, 'Baggi Coil S', 4, 'Great Baggi', '1', -1, -1, NULL),
('great-baggi-legs-s', 4, 36, 1, -4, 2, 1, 1, 0, 0, 'Baggi Greaves S', 4, 'Great Baggi', '1', -1, -1, NULL),
('great-izuchi-head-s', 0, 36, 0, 2, 0, 2, 0, 0, 0, 'Izuchi Helm S', 4, 'Great Izuchi', '1', -2, -1, NULL),
('great-izuchi-body-s', 1, 36, 0, 2, 0, 1, 0, 0, 0, 'Izuchi Mail S', 4, 'Great Izuchi', '1', -2, -1, NULL),
('great-izuchi-arms-s', 2, 36, 0, 2, 0, 2, 0, 0, 0, 'Izuchi Braces S', 4, 'Great Izuchi', '1', -2, -1, NULL),
('great-izuchi-waist-s', 3, 36, 0, 2, 0, 2, 0, 0, 0, 'Izuchi Coil S', 4, 'Great Izuchi', '1', -2, -1, NULL),
('great-izuchi-legs-s', 4, 36, 0, 2, 0, 2, 0, 0, 0, 'Izuchi Greaves S', 4, 'Great Izuchi', '1', -2, -1, NULL),
('great-wroggi-head-s', 0, 38, 0, 2, -4, 1, 0, 0, 0, 'Wroggi Helm S', 4, 'Great Wroggi', '1', 1, -2, NULL);              
INSERT INTO "PUBLIC"."ARMOR_PIECE" VALUES
('great-wroggi-body-s', 1, 38, 0, 2, -4, 1, 0, 0, 0, 'Wroggi Mail S', 4, 'Great Wroggi', '1', 1, -2, NULL),
('great-wroggi-arms-s', 2, 38, 0, 2, -4, 0, 0, 1, 0, 'Wroggi Vambraces S', 4, 'Great Wroggi', '1', 1, -2, NULL),
('great-wroggi-waist-s', 3, 38, 0, 2, -4, 1, 0, 0, 0, 'Wroggi Coil S', 4, 'Great Wroggi', '1', 1, -2, NULL),
('great-wroggi-legs-s', 4, 38, 0, 2, -4, 2, 0, 0, 0, 'Wroggi Greaves S', 4, 'Great Wroggi', '1', 1, -2, NULL),
('hunter-head-s', 0, 32, 0, 0, 0, 0, 1, 0, 0, 'Hunter''s Helm S', 4, 'Hunter', '1', 0, 0, NULL),
('hunter-body-s', 1, 32, 0, 0, 0, 1, 0, 0, 0, 'Hunter''s Mail S', 4, 'Hunter', '1', 0, 0, NULL),
('hunter-arms-s', 2, 32, 0, 0, 0, 0, 1, 0, 0, 'Hunter''s Vambraces S', 4, 'Hunter', '1', 0, 0, NULL),
('hunter-waist-s', 3, 32, 0, 0, 0, 2, 0, 0, 0, 'Hunter''s Coil S', 4, 'Hunter', '1', 0, 0, NULL),
('hunter-legs-s', 4, 32, 0, 0, 0, 0, 1, 0, 0, 'Hunter''s Greaves S', 4, 'Hunter', '1', 0, 0, NULL),
('ingot-head-s', 0, 40, 0, -1, 0, 1, 0, 1, 0, 'Ingot Helm S', 4, 'Ingot', '1', 1, -1, NULL),
('ingot-body-s', 1, 40, 0, -1, 0, 1, 1, 0, 0, 'Ingot Mail S', 4, 'Ingot', '1', 1, -1, NULL),
('ingot-arms-s', 2, 40, 0, -1, 0, 1, 0, 0, 0, 'Ingot Vambraces S', 4, 'Ingot', '1', 1, -1, NULL),
('ingot-waist-s', 3, 40, 0, -1, 0, 0, 1, 0, 0, 'Ingot Coil S', 4, 'Ingot', '1', 1, -1, NULL),
('ingot-legs-s', 4, 40, 0, -1, 0, 1, 0, 0, 0, 'Ingot Greaves S', 4, 'Ingot', '1', 1, -1, NULL),
('jaggi-arms-s', 2, 42, 0, 0, 1, 2, 0, 0, 0, 'Jaggi Gauntlets S', 4, 'Jaggi', '1', 0, 0, NULL),
('jaggi-legs-s', 4, 42, 0, 0, 1, 1, 1, 0, 0, 'Jaggi Shinguards S', 4, 'Jaggi', '1', 0, 0, NULL),
('jaggi-mask-head-s', 0, 36, 0, 0, 0, 0, 1, 0, 0, 'Jaggi Mask S', 4, 'Jaggi Mask', '1', 0, 0, NULL),
('kamura-head-s', 0, 30, 0, 2, 0, 1, 0, 0, 0, 'Kamura Head Scarf S', 4, 'Kamura', '1', 0, 0, NULL),
('kamura-body-s', 1, 30, 0, 2, 0, 1, 0, 0, 0, 'Kamura Garb S', 4, 'Kamura', '1', 0, 0, NULL),
('kamura-arms-s', 2, 30, 0, 2, 0, 0, 1, 0, 0, 'Kamura Braces S', 4, 'Kamura', '1', 0, 0, NULL),
('kamura-waist-s', 3, 30, 0, 2, 0, 2, 0, 0, 0, 'Kamura Obi S', 4, 'Kamura', '1', 0, 0, NULL),
('kamura-legs-s', 4, 30, 0, 2, 0, 1, 0, 0, 0, 'Kamura Leggings S', 4, 'Kamura', '1', 0, 0, NULL),
('khezu-head-s', 0, 38, 1, -4, 2, 1, 0, 0, 0, 'Khezu Helm S', 4, 'Khezu', '1', 4, 1, NULL),
('khezu-body-s', 1, 38, 1, -4, 2, 2, 0, 0, 0, 'Khezu Mail S', 4, 'Khezu', '1', 4, 1, NULL),
('khezu-arms-s', 2, 38, 1, -4, 2, 2, 0, 0, 0, 'Khezu Vambraces S', 4, 'Khezu', '1', 4, 1, NULL),
('khezu-waist-s', 3, 38, 1, -4, 2, 2, 0, 0, 0, 'Khezu Coil S', 4, 'Khezu', '1', 4, 1, NULL),
('khezu-legs-s', 4, 38, 1, -4, 2, 2, 0, 0, 0, 'Khezu Greaves S', 4, 'Khezu', '1', 4, 1, NULL),
('kulu-ya-ku-head-s', 0, 38, 0, 0, 1, 2, 0, 0, 0, 'Kulu-Ya-Ku Helm S', 4, 'Kulu-Ya-Ku', '1', 0, -3, NULL),
('kulu-ya-ku-body-s', 1, 38, 0, 0, 1, 0, 1, 0, 0, 'Kulu-Ya-Ku Mail', 4, 'Kulu-Ya-Ku', '1', 0, -3, NULL),
('kulu-ya-ku-arms-s', 2, 38, 0, 0, 1, 0, 1, 0, 0, 'Kulu-Ya-Ku Braces S', 4, 'Kulu-Ya-Ku', '1', 0, -3, NULL),
('kulu-ya-ku-waist-s', 3, 38, 0, 0, 1, 2, 0, 0, 0, 'Kulu-Ya-Ku Coil S', 4, 'Kulu-Ya-Ku', '1', 0, -3, NULL),
('kulu-ya-ku-legs-s', 4, 38, 0, 0, 1, 1, 0, 0, 0, 'Kulu-Ya-Ku Greaves S', 4, 'Kulu-Ya-Ku', '1', 0, -3, NULL),
('lagombi-head-s', 0, 36, 0, -3, 3, 0, 0, 1, 0, 'Lagombi Helm S', 4, 'Lagombi', '1', 0, 1, NULL),
('lagombi-body-s', 1, 36, 0, -3, 3, 2, 0, 0, 0, 'Lagombi Mail S', 4, 'Lagombi', '1', 0, 1, NULL),
('lagombi-arms-s', 2, 36, 0, -3, 3, 1, 1, 0, 0, 'Lagombi Vambraces S', 4, 'Lagombi', '1', 0, 1, NULL),
('lagombi-waist-s', 3, 36, 0, -3, 3, 0, 1, 0, 0, 'Lagombi Coil S', 4, 'Lagombi', '1', 0, 1, NULL),
('lagombi-legs-s', 4, 36, 0, -3, 3, 2, 0, 0, 0, 'Lagombi Greaves S', 4, 'Lagombi', '1', 0, 1, NULL),
('leather-head-s', 0, 30, 0, 0, 0, 2, 0, 0, 0, 'Leather Headgear S', 4, 'Leather', '1', 0, 0, NULL),
('leather-body-s', 1, 30, 0, 0, 0, 0, 1, 0, 0, 'Leather Vest S', 4, 'Leather', '1', 0, 0, NULL),
('leather-arms-s', 2, 30, 0, 0, 0, 2, 0, 0, 0, 'Leather Gloves S', 4, 'Leather', '1', 0, 0, NULL),
('leather-waist-s', 3, 30, 0, 0, 0, 1, 0, 0, 0, 'Leather Belt S', 4, 'Leather', '1', 0, 0, NULL);               
INSERT INTO "PUBLIC"."ARMOR_PIECE" VALUES
('leather-legs-s', 4, 30, 0, 0, 0, 0, 1, 0, 0, 'Leather Pants S', 4, 'Leather', '1', 0, 0, NULL),
('ludroth-head-s', 0, 48, 0, -3, 0, 2, 0, 0, 0, 'Ludroth Helm S', 4, 'Ludroth', '1', -1, 4, NULL),
('ludroth-body-s', 1, 48, 0, -3, 0, 0, 1, 0, 0, 'Ludroth Mail S', 4, 'Ludroth', '1', -1, 4, NULL),
('ludroth-arms-s', 2, 48, 0, -3, 0, 2, 1, 0, 0, 'Ludroth Braces S', 4, 'Ludroth', '1', -1, 4, NULL),
('ludroth-waist-s', 3, 48, 0, -3, 0, 1, 0, 0, 0, 'Ludroth Coil S', 4, 'Ludroth', '1', -1, 4, NULL),
('ludroth-legs-s', 4, 48, 0, -3, 0, 0, 0, 1, 0, 'Ludroth Greaves S', 4, 'Ludroth', '1', -1, 4, NULL),
('rhenoplos-head-s', 0, 42, 0, 2, -2, 1, 0, 0, 0, 'Rhenoplos Helm S', 4, 'Rhenoplos', '1', 0, 0, NULL),
('rhenoplos-body-s', 1, 42, 0, 2, -2, 1, 1, 0, 0, 'Rhenoplos Mail S', 4, 'Rhenoplos', '1', 0, 0, NULL),
('rhenoplos-arms-s', 2, 42, 0, 2, -2, 1, 1, 0, 0, 'Rhenoplos Braces S', 4, 'Rhenoplos', '1', 0, 0, NULL),
('rhenoplos-waist-s', 3, 42, 0, 2, -2, 1, 0, 1, 0, 'Rhenoplos Coil S', 4, 'Rhenoplos', '1', 0, 0, NULL),
('rhenoplos-legs-s', 4, 42, 0, 2, -2, 2, 0, 0, 0, 'Rhenoplos Greaves S', 4, 'Rhenoplos', '1', 0, 0, NULL),
('slagoth-head-s', 0, 42, 1, -2, -1, 0, 0, 1, 0, 'Slagtoth Hood S', 4, 'Slagoth', '1', 0, 2, NULL),
('slagoth-body-s', 1, 42, 1, -2, -1, 1, 1, 0, 0, 'Slagtoth Cloak S', 4, 'Slagoth', '1', 0, 2, NULL),
('spio-skalda-head-s', 0, 32, 3, 3, -1, 1, 0, 0, 0, 'Spio/Skalda Vertex S', 4, 'Spio/Skalda', '1', -1, -1, NULL),
('spio-skalda-body-s', 1, 32, 3, 3, -1, 1, 0, 0, 0, 'Spio/Skalda Thorax S', 4, 'Spio/Skalda', '1', -1, -1, NULL),
('spio-skalda-arms-s', 2, 32, 3, 3, -1, 2, 0, 0, 0, 'Spio/Skalda Brachia S', 4, 'Spio/Skalda', '1', -1, -1, NULL),
('spio-skalda-waist-s', 3, 32, 3, 3, -1, 0, 0, 0, 0, 'Spio/Skalda Elytra S', 4, 'Spio/Skalda', '1', -1, -1, NULL),
('spio-skalda-legs-s', 4, 32, 3, 3, -1, 1, 0, 0, 0, 'Spio/Skalda Crura S', 4, 'Spio/Skalda', '1', -1, -1, NULL),
('tetranodon-head-s', 0, 40, 0, -1, 1, 1, 0, 0, 0, 'Tetranadon Helm s', 4, 'Tetranodon', '1', -2, 4, NULL),
('tetranodon-body-s', 1, 40, 0, -1, 1, 1, 0, 0, 0, 'Tetranadon Mail S', 4, 'Tetranodon', '1', -2, 4, NULL),
('tetranodon-arms-s', 2, 40, 0, -1, 1, 2, 0, 0, 0, 'Tetranadon Braces S', 4, 'Tetranodon', '1', -2, 4, NULL),
('tetranodon-waist-s', 3, 40, 0, -1, 1, 0, 1, 0, 0, 'Tetranadon Coil S', 4, 'Tetranodon', '1', -2, 4, NULL),
('tetranodon-legs-s', 4, 40, 0, -1, 1, 1, 0, 0, 0, 'Tetranadon Greaves S', 4, 'Tetranodon', '1', -2, 4, NULL),
('volvidon-head-s', 0, 50, 1, 2, -1, 2, 0, 0, 0, 'Volvidon Helm S', 4, 'Volvidon', '1', 0, -3, NULL),
('volvidon-body-s', 1, 50, 1, 2, -1, 0, 1, 0, 0, 'Volvidon Mail S', 4, 'Volvidon', '1', 0, -3, NULL),
('volvidon-arms-s', 2, 50, 1, 2, -1, 3, 0, 0, 0, 'Volvidon Vambraces S', 4, 'Volvidon', '1', 0, -3, NULL),
('volvidon-waist-s', 3, 50, 1, 2, -1, 2, 0, 0, 0, 'Volvidon Coil S', 4, 'Volvidon', '1', 0, -3, NULL),
('volvidon-legs-s', 4, 50, 1, 2, -1, 2, 0, 0, 0, 'Volvidon Greaves S', 4, 'Volvidon', '1', 0, -3, NULL),
('barioth-head-s', 0, 58, 0, -3, 3, 1, 0, 0, 0, 'Barioth Helm S', 5, 'Barioth', '1', -1, 0, NULL),
('barioth-body-s', 1, 58, 0, -3, 3, 2, 1, 0, 0, 'Barioth Mail S', 5, 'Barioth', '1', -1, 0, NULL),
('barioth-arms-s', 2, 58, 0, -3, 3, 0, 1, 0, 0, 'Barioth Vambraces S', 5, 'Barioth', '1', -1, 0, NULL),
('barioth-waist-s', 3, 58, 0, -3, 3, 1, 0, 0, 0, 'Barioth Coil S', 5, 'Barioth', '1', -1, 0, NULL),
('barioth-legs-s', 4, 58, 0, -3, 3, 1, 0, 1, 0, 'Barioth Greaves S', 5, 'Barioth', '1', -1, 0, NULL),
('basarios-head-s', 0, 52, -3, 0, 1, 1, 1, 0, 0, 'Basarios Helm S', 5, 'Basarios', '1', 1, -2, NULL),
('basarios-body-s', 1, 52, -3, 0, 1, 2, 0, 0, 0, 'Basarios Mail S', 5, 'Basarios', '1', 1, -2, NULL),
('basarios-arms-s', 2, 52, -3, 0, 1, 2, 0, 0, 0, 'Basarios Vambraces S', 5, 'Basarios', '1', 1, -2, NULL),
('basarios-waist-s', 3, 52, -3, 0, 1, 0, 1, 0, 0, 'Basarios Coil S', 5, 'Basarios', '1', 1, -2, NULL),
('basarios-legs-s', 4, 52, -3, 0, 1, 0, 0, 1, 0, 'Basarios Greaves S', 5, 'Basarios', '1', 1, -2, NULL),
('bishaten-head-s', 0, 52, 2, -2, -4, 1, 0, 0, 0, 'Bishaten Helm S', 5, 'Bishaten', '1', 2, 2, NULL);               
INSERT INTO "PUBLIC"."ARMOR_PIECE" VALUES
('bishaten-body-s', 1, 52, 2, -2, -4, 0, 0, 1, 0, 'Bishaten Mail S', 5, 'Bishaten', '1', 2, 2, NULL),
('bishaten-arms-s', 2, 52, 2, -2, -4, 0, 0, 1, 0, 'Bishaten Vambraces S', 5, 'Bishaten', '1', 2, 2, NULL),
('bishaten-waist-s', 3, 52, 2, -2, -4, 2, 0, 0, 0, 'Bishaten Coil S', 5, 'Bishaten', '1', 2, 2, NULL),
('bishaten-legs-s', 4, 52, 2, -2, -4, 2, 1, 0, 0, 'Bishaten Greaves S', 5, 'Bishaten', '1', 2, 2, NULL),
('channeler-utsushi-h-head-s', 0, 52, 0, 3, 0, 1, 0, 0, 0, 'Channeler''s Hair-tie S/Utsushi Mask S (H)', 5, 'Channeler/Utsushi (H)', '1', 0, 0, NULL),
('channeler-utsushi-h-body-s', 1, 52, 0, 3, 0, 1, 0, 0, 0, 'Channeler''s Robe S/Utsushi Chest S (H)', 5, 'Channeler/Utsushi (H)', '1', 0, 0, NULL),
('channeler-utsushi-h-arms-s', 2, 52, 0, 3, 0, 0, 1, 0, 0, 'Channeler''s Hope S/Utsushi Braces S (H)', 5, 'Channeler/Utsushi (H)', '1', 0, 0, NULL),
('channeler-utsushi-h-waist-s', 3, 52, 0, 3, 0, 1, 0, 0, 0, 'Channeler''s Obi S/Utsushi Tassets S (H)', 5, 'Channeler/Utsushi (H)', '1', 0, 0, NULL),
('channeler-utsushi-h-legs-s', 4, 52, 0, 3, 0, 2, 0, 0, 0, 'Channeler''s Hakama S/Utsushi Greaves S (H)', 5, 'Channeler/Utsushi (H)', '1', 0, 0, NULL),
('chrome-metal-waist-s', 3, 46, -2, -2, -2, 1, 1, 1, 0, 'Chrome Metal Coil', 5, 'Chrome Metal', '1', -2, -2, NULL),
('chrome-metal-legs-s', 4, 46, -2, -2, -2, 0, 0, 1, 0, 'Chrome Metal Boots', 5, 'Chrome Metal', '1', -2, -2, NULL),
('death-stench-head-s', 0, 52, 0, 3, -1, 0, 1, 0, 0, 'Death Stench Brain S', 5, 'Death Stench', '1', 1, 1, NULL),
('death-stench-body-s', 1, 52, 0, 3, -1, 0, 1, 0, 0, 'D. Stench Muscle S', 5, 'Death Stench', '1', 1, 1, NULL),
('death-stench-arms-s', 2, 52, 0, 3, -1, 1, 0, 0, 0, 'Death Stench Grip S', 5, 'Death Stench', '1', 1, 1, NULL),
('death-stench-waist-s', 3, 52, 0, 3, -1, 2, 0, 0, 0, 'D. Stench Bowels S', 5, 'Death Stench', '1', 1, 1, NULL),
('death-stench-legs-s', 4, 52, 0, 3, -1, 2, 0, 0, 0, 'Death Stench Heel S', 5, 'Death Stench', '1', 1, 1, NULL),
('dober-head-s', 0, 52, 4, -2, 0, 2, 0, 0, 0, 'Dober Helm', 5, 'Dober', '1', 0, 0, NULL),
('dober-body-s', 1, 52, 4, -2, 0, 1, 0, 0, 0, 'Dober Mail', 5, 'Dober', '1', 0, 0, NULL),
('dober-arms-s', 2, 52, 4, -2, 0, 2, 1, 0, 0, 'Dober Vambraces', 5, 'Dober', '1', 0, 0, NULL),
('dober-waist-s', 3, 52, 4, -2, 0, 0, 1, 0, 0, 'Dober Coil', 5, 'Dober', '1', 0, 0, NULL),
('dober-legs-s', 4, 52, 4, -2, 0, 0, 1, 0, 0, 'Dober Greaves', 5, 'Dober', '1', 0, 0, NULL),
('jyuratodus-head-s', 0, 48, 0, -1, 0, 1, 1, 0, 0, 'Jyuratodus Helm', 5, 'Jyuratodus', '1', -3, 2, NULL),
('jyuratodus-body-s', 1, 48, 0, -1, 0, 3, 0, 0, 0, 'Jyuratodus Mail', 5, 'Jyuratodus', '1', -3, 2, NULL),
('jyuratodus-arms-s', 2, 48, 0, -1, 0, 1, 1, 1, 0, 'Jyuratodus Vambraces', 5, 'Jyuratodus', '1', -3, 2, NULL),
('jyuratodus-waist-s', 3, 48, 0, -1, 0, 0, 0, 0, 0, 'Jyuratodus Coil', 5, 'Jyuratodus', '1', -3, 2, NULL),
('jyuratodus-legs-s', 4, 48, 0, -1, 0, 2, 1, 0, 0, 'Jyuratodus Greaves', 5, 'Jyuratodus', '1', -3, 2, NULL),
('makluva-head-s', 0, 52, 0, 1, 0, 0, 2, 0, 0, 'Makluva Hood S', 5, 'Makluva', '1', -2, 2, NULL),
('makluva-body-s', 1, 52, 0, 1, 0, 1, 0, 0, 0, 'Makluva Cover S', 5, 'Makluva', '1', -2, 2, NULL),
('makluva-arms-s', 2, 52, 0, 1, 0, 0, 1, 0, 0, 'Makluva Sleeves S', 5, 'Makluva', '1', -2, 2, NULL),
('makluva-waist-s', 3, 52, 0, 1, 0, 0, 0, 1, 0, 'Makluva Coil S', 5, 'Makluva', '1', -2, 2, NULL),
('makluva-legs-s', 4, 52, 0, 1, 0, 2, 0, 0, 0, 'Makluva Pants S', 5, 'Makluva', '1', -2, 2, NULL),
('medium-utsushi-v-head-s', 0, 52, 0, 3, 0, 1, 0, 0, 0, 'Medium''s Hair-tie S/Utsushi Mask S (V)', 5, 'Medium/Utsushi (V)', '1', 0, 0, NULL),
('medium-utsushi-v-body-s', 1, 52, 0, 3, 0, 2, 0, 0, 0, 'Medium''s Robe S/Utsushi Chest S (V)', 5, 'Medium/Utsushi (V)', '1', 0, 0, NULL),
('medium-utsushi-v-arms-s', 2, 52, 0, 3, 0, 0, 0, 1, 0, 'Medium''s Prayer S/Utsushi Braces S (V)', 5, 'Medium/Utsushi (V)', '1', 0, 0, NULL),
('medium-utsushi-v-waist-s', 3, 52, 0, 3, 0, 0, 1, 0, 0, 'Medium''s Obi S/Utsushi Tassets S (V)', 5, 'Medium/Utsushi (V)', '1', 0, 0, NULL),
('medium-utsushi-v-legs-s', 4, 52, 0, 3, 0, 1, 0, 0, 0, 'Medium''s Hakama S/Utsushi Greaves (V)', 5, 'Medium/Utsushi (V)', '1', 0, 0, NULL);   
INSERT INTO "PUBLIC"."ARMOR_PIECE" VALUES
('melahoa-head-s', 0, 52, 0, 0, 0, 0, 2, 0, 0, 'Melahoa Hat S', 5, 'Melahoa', '1', 3, 1, NULL),
('melahoa-body-s', 1, 52, 0, 0, 0, 2, 0, 0, 0, 'Melahoa Jacket S', 5, 'Melahoa', '1', 3, 1, NULL),
('melahoa-arms-s', 2, 52, 0, 0, 0, 2, 0, 0, 0, 'Melahoa Branch S', 5, 'Melahoa', '1', 3, 1, NULL),
('melahoa-waist-s', 3, 52, 0, 0, 0, 0, 1, 0, 0, 'Melahoa Folia S', 5, 'Melahoa', '1', 3, 1, NULL),
('melahoa-legs-s', 4, 52, 0, 0, 0, 2, 0, 0, 0, 'Melahoa Roots S', 5, 'Melahoa', '1', 3, 1, NULL),
('mosgharl-head-s', 0, 52, 0, -3, 3, 0, 2, 0, 0, 'Mosgharl Visor S', 5, 'Mosgharl', '1', 0, 1, NULL),
('mosgharl-body-s', 1, 52, 0, -3, 3, 0, 1, 0, 0, 'Mosgharl Ribplate S', 5, 'Mosgharl', '1', 0, 1, NULL),
('mosgharl-arms-s', 2, 52, 0, -3, 3, 2, 1, 0, 0, 'Mosgharl Creeper S', 5, 'Mosgharl', '1', 0, 1, NULL),
('mosgharl-waist-s', 3, 52, 0, -3, 3, 1, 0, 0, 0, 'Mosgharl Folia S', 5, 'Mosgharl', '1', 0, 1, NULL),
('mosgharl-legs-s', 4, 52, 0, -3, 3, 1, 1, 0, 0, 'Mosgharl Roots S', 5, 'Mosgharl', '1', 0, 1, NULL),
('pukei-pukei-head-s', 0, 50, 1, 0, 0, 0, 1, 0, 0, 'Pukei-Pukei Helm S', 5, 'Pukei-Pukei', '1', -3, 3, NULL),
('pukei-pukei-body-s', 1, 50, 1, 0, 0, 1, 0, 0, 0, 'Pukei-Pukei Mail S', 5, 'Pukei-Pukei', '1', -3, 3, NULL),
('pukei-pukei-arms-s', 2, 50, 1, 0, 0, 0, 1, 0, 0, 'Pukei-Pukei Braces S', 5, 'Pukei-Pukei', '1', -3, 3, NULL),
('pukei-pukei-waist-s', 3, 50, 1, 0, 0, 1, 1, 0, 0, 'Pukei-Pukei Coil S', 5, 'Pukei-Pukei', '1', -3, 3, NULL),
('pukei-pukei-legs-s', 4, 50, 1, 0, 0, 1, 1, 0, 0, 'Pukei-Pukei Greaves S', 5, 'Pukei-Pukei', '1', -3, 3, NULL),
('rathian-head-s', 0, 52, -3, 3, 0, 1, 1, 0, 0, 'Rathian Helm S', 5, 'Rathian', '1', -2, 0, NULL),
('rathian-body-s', 1, 52, -3, 3, 0, 2, 0, 1, 0, 'Rathian Mail S', 5, 'Rathian', '1', -2, 0, NULL),
('rathian-arms-s', 2, 52, -3, 3, 0, 2, 0, 0, 0, 'Rathian Braces S', 5, 'Rathian', '1', -2, 0, NULL),
('rathian-waist-s', 3, 52, -3, 3, 0, 0, 1, 0, 0, 'Rathian Coil S', 5, 'Rathian', '1', -2, 0, NULL),
('rathian-legs-s', 4, 52, -3, 3, 0, 0, 1, 0, 0, 'Rathian Greaves S', 5, 'Rathian', '1', -2, 0, NULL),
('remobra-head-s', 0, 52, 3, 1, 1, 0, 1, 0, 0, 'Remobra Headgear S', 5, 'Remobra', '1', 1, 1, NULL),
('remobra-body-s', 1, 52, 3, 1, 1, 2, 0, 0, 0, 'Remobra Suit S', 5, 'Remobra', '1', 1, 1, NULL),
('remobra-arms-s', 2, 52, 3, 1, 1, 0, 1, 0, 0, 'Remobra Gloves S', 5, 'Remobra', '1', 1, 1, NULL),
('remobra-waist-s', 3, 52, 3, 1, 1, 2, 0, 0, 0, 'Remobra Belt S', 5, 'Remobra', '1', 1, 1, NULL),
('remobra-legs-s', 4, 52, 3, 1, 1, 2, 0, 0, 0, 'Remobra Feet S', 5, 'Remobra', '1', 1, 1, NULL),
('shell-studded-head-s', 0, 52, 0, 0, -1, 1, 1, 0, 0, 'S. Studded Hat S', 5, 'Shell-Studded', '1', 1, 2, NULL),
('shell-studded-body-s', 1, 52, 0, 0, -1, 2, 0, 0, 0, 'Shell-Studded Vest S', 5, 'Shell-Studded', '1', 1, 2, NULL),
('shell-studded-arms-s', 2, 52, 0, 0, -1, 2, 0, 0, 0, 'Shell-Studded Gloves S', 5, 'Shell-Studded', '1', 1, 2, NULL),
('shell-studded-waist-s', 3, 52, 0, 0, -1, 1, 0, 1, 0, 'S. Studded Sash S', 5, 'Shell-Studded', '1', 1, 2, NULL),
('shell-studded-legs-s', 4, 52, 0, 0, -1, 2, 0, 0, 0, 'Shelled Sandals S', 5, 'Shell-Studded', '1', 1, 2, NULL),
('skull-head-s', 0, 50, 4, -3, -3, 0, 1, 1, 0, 'Skull Visage S', 5, 'Skull', '1', -3, -3, NULL),
('somnacanth-head-s', 0, 58, 1, -1, 0, 1, 1, 0, 0, 'Somnacanth Helm S', 5, 'Somnacanth', '1', -3, 2, NULL),
('somnacanth-body-s', 1, 58, 1, -1, 0, 2, 0, 0, 0, 'Somnacanth Mail S', 5, 'Somnacanth', '1', -3, 2, NULL),
('somnacanth-arms-s', 2, 58, 1, -1, 0, 0, 1, 0, 0, 'Somnacanth Braces S', 5, 'Somnacanth', '1', -3, 2, NULL),
('somnacanth-waist-s', 3, 58, 1, -1, 0, 0, 0, 1, 0, 'Somnacanth Coil S', 5, 'Somnacanth', '1', -3, 2, NULL),
('somnacanth-legs-s', 4, 58, 1, -1, 0, 2, 0, 0, 0, 'Somnacanth Greaves S', 5, 'Somnacanth', '1', -3, 2, NULL),
('tobi-kadachi-head-s', 0, 58, 0, 0, 0, 2, 0, 0, 0, 'Kadachi Helm S', 5, 'Tobi-Kadachi', '1', 3, -3, NULL),
('tobi-kadachi-body-s', 1, 58, 0, 0, 0, 0, 0, 1, 0, 'Tobi-Kadachi Mail S', 5, 'Tobi-Kadachi', '1', 3, -3, NULL),
('tobi-kadachi-arms-s', 2, 58, 0, 0, 0, 0, 0, 1, 0, 'Tobi-Kadachi Braces S', 5, 'Tobi-Kadachi', '1', 3, -3, NULL);          
INSERT INTO "PUBLIC"."ARMOR_PIECE" VALUES
('tobi-kadachi-waist-s', 3, 58, 0, 0, 0, 2, 0, 0, 0, 'Tobi-Kadachi Coil S', 5, 'Tobi-Kadachi', '1', 3, -3, NULL),
('tobi-kadachi-legs-s', 4, 58, 0, 0, 0, 1, 0, 1, 0, 'Kadachi Greaves S', 5, 'Tobi-Kadachi', '1', 3, -3, NULL),
('uroktor-body-s', 1, 52, 0, 4, -1, 0, 1, 0, 0, 'Uroktor Torso S', 5, 'Uroktor', '1', 0, -2, NULL),
('uroktor-waist-s', 3, 52, 0, 4, -1, 1, 1, 0, 0, 'Uroktor Coil S', 5, 'Uroktor', '1', 0, -2, NULL),
('vaik-head-s', 0, 52, 0, 0, -1, 2, 0, 0, 0, 'Vaik Helm S', 5, 'Vaik', '1', -2, 3, NULL),
('vaik-body-s', 1, 52, 0, 0, -1, 2, 0, 1, 0, 'Vaik Mail S', 5, 'Vaik', '1', -2, 3, NULL),
('vaik-arms-s', 2, 52, 0, 0, -1, 2, 0, 0, 0, 'Vaik Braces S', 5, 'Vaik', '1', -2, 3, NULL),
('vaik-waist-s', 3, 52, 0, 0, -1, 1, 0, 0, 0, 'Vaik Coil S', 5, 'Vaik', '1', -2, 3, NULL),
('vaik-legs-s', 4, 52, 0, 0, -1, 1, 0, 1, 0, 'Vaik Greaves S', 5, 'Vaik', '1', -2, 3, NULL),
('almudron-head-s', 0, 64, -2, -4, -2, 0, 2, 0, 0, 'Almudron Helm S', 6, 'Almudron', '1', 3, 3, NULL),
('almudron-body-s', 1, 64, -2, -4, -2, 1, 0, 0, 0, 'Almudron Mail S', 6, 'Almudron', '1', 3, 3, NULL),
('almudron-arms-s', 2, 64, -2, -4, -2, 2, 0, 0, 0, 'Almudron Vambraces S', 6, 'Almudron', '1', 3, 3, NULL),
('almudron-waist-s', 3, 64, -2, -4, -2, 1, 1, 0, 0, 'Almudron Coil S', 6, 'Almudron', '1', 3, 3, NULL),
('almudron-legs-s', 4, 64, -2, -4, -2, 1, 0, 1, 0, 'Almudron Greaves S', 6, 'Almudron', '1', 3, 3, NULL),
('anjanath-head-s', 0, 60, 0, 3, -1, 0, 1, 0, 0, 'Anjanath Helm S', 6, 'Anjanath', '1', -1, -3, NULL),
('anjanath-body-s', 1, 60, 0, 3, -1, 2, 0, 0, 0, 'Anjanath Mail S', 6, 'Anjanath', '1', -1, -3, NULL),
('anjanath-arms-s', 2, 60, 0, 3, -1, 1, 0, 0, 0, 'Anjanath Vambraces S', 6, 'Anjanath', '1', -1, -3, NULL),
('anjanath-waist-s', 3, 60, 0, 3, -1, 2, 1, 0, 0, 'Anjanath Coil S', 6, 'Anjanath', '1', -1, -3, NULL),
('anjanath-legs-s', 4, 60, 0, 3, -1, 0, 1, 0, 0, 'Anjanath Greaves S', 6, 'Anjanath', '1', -1, -3, NULL),
('brigade-head-s', 0, 62, 2, 1, 0, 1, 0, 1, 0, 'Brigade Lobos S', 6, 'Brigade', '1', 2, 0, NULL),
('brigade-body-s', 1, 62, 2, 1, 0, 1, 0, 0, 0, 'Brigade Suit S', 6, 'Brigade', '1', 2, 0, NULL),
('diablos-head-s', 0, 64, -1, 3, -3, 0, 1, 0, 0, 'Diablos Helm S', 6, 'Diablos', '1', -1, -1, NULL),
('diablos-body-s', 1, 64, -1, 3, -3, 1, 0, 0, 0, 'Diablos Mail S', 6, 'Diablos', '1', -1, -1, NULL),
('diablos-arms-s', 2, 64, -1, 3, -3, 1, 1, 0, 0, 'Diablos Vambraces S', 6, 'Diablos', '1', -1, -1, NULL),
('diablos-waist-s', 3, 64, -1, 3, -3, 2, 0, 0, 0, 'Diablos Coil S', 6, 'Diablos', '1', -1, -1, NULL),
('diablos-legs-s', 4, 64, -1, 3, -3, 0, 1, 0, 0, 'Diablos Greaves S', 6, 'Diablos', '1', -1, -1, NULL),
('gargwa-head-s', 0, 54, 0, -3, 1, 0, 0, 0, 0, 'Gargwa Mask S', 6, 'Gargwa', '1', -2, -2, NULL),
('goss-harag-head-s', 0, 64, 0, -4, 4, 2, 0, 0, 0, 'Goss Harag Helm S', 6, 'Goss Harag', '1', -1, 1, NULL),
('goss-harag-body-s', 1, 64, 0, -4, 4, 1, 1, 0, 0, 'Goss Harag Mail S', 6, 'Goss Harag', '1', -1, 1, NULL),
('goss-harag-arms-s', 2, 64, 0, -4, 4, 0, 1, 0, 0, 'Goss Harag Braces S', 6, 'Goss Harag', '1', -1, 1, NULL),
('goss-harag-waist-s', 3, 64, 0, -4, 4, 1, 1, 0, 0, 'Goss Harag Coil S', 6, 'Goss Harag', '1', -1, 1, NULL),
('goss-harag-legs-s', 4, 64, 0, -4, 4, 1, 0, 0, 0, 'Goss Harag Greaves S', 6, 'Goss Harag', '1', -1, 1, NULL),
('jelly-head-s', 0, 62, 0, 1, 2, 0, 0, 1, 0, 'Jelly Hat S', 6, 'Jelly', '1', 0, 3, NULL),
('jelly-body-s', 1, 62, 0, 1, 2, 1, 1, 0, 0, 'Jelly Vest S', 6, 'Jelly', '1', 0, 3, NULL),
('jelly-arms-s', 2, 62, 0, 1, 2, 2, 0, 0, 0, 'Jelly Gloves S', 6, 'Jelly', '1', 0, 3, NULL),
('jelly-waist-s', 3, 62, 0, 1, 2, 1, 1, 0, 0, 'Jelly Coil S', 6, 'Jelly', '1', 0, 3, NULL),
('jelly-legs-s', 4, 62, 0, 1, 2, 1, 0, 1, 0, 'Jelly Boots S', 6, 'Jelly', '1', 0, 3, NULL),
('magnamalo-head-s', 0, 64, 1, 3, 1, 0, 1, 0, 0, 'Sinister Helm S', 6, 'Magnamalo', '1', -2, -3, NULL),
('magnamalo-body-s', 1, 64, 1, 3, 1, 0, 1, 0, 0, 'Sinister Garb S', 6, 'Magnamalo', '1', -2, -3, NULL),
('magnamalo-arms-s', 2, 64, 1, 3, 1, 0, 1, 0, 0, 'Sinister Gauntlets S', 6, 'Magnamalo', '1', -2, -3, NULL),
('magnamalo-waist-s', 3, 64, 1, 3, 1, 0, 0, 1, 0, 'Sinister Tassets S', 6, 'Magnamalo', '1', -2, -3, NULL);  
INSERT INTO "PUBLIC"."ARMOR_PIECE" VALUES
('magnamalo-legs-s', 4, 64, 1, 3, 1, 2, 0, 0, 0, 'Sinister Greaves S', 6, 'Magnamalo', '1', -2, -3, NULL),
('mighty-bow-feather-head-s', 0, 56, 0, 0, 0, 0, 0, 0, 0, 'Mighty Bow Feather', 6, 'Mighty Bow Feather', '1', 0, 0, NULL),
('mizutsune-head-s', 0, 60, -1, 0, 1, 1, 1, 0, 0, 'Mizutsune Helm S', 6, 'Mizutsune', '1', -3, 2, NULL),
('mizutsune-body-s', 1, 60, -1, 0, 1, 1, 0, 0, 0, 'Mizutsune Mail S', 6, 'Mizutsune', '1', -3, 2, NULL),
('mizutsune-arms-s', 2, 60, -1, 0, 1, 0, 1, 0, 0, 'Mizutsune Braces S', 6, 'Mizutsune', '1', -3, 2, NULL),
('mizutsune-waist-s', 3, 60, -1, 0, 1, 1, 1, 0, 0, 'Mizutsune Coil S', 6, 'Mizutsune', '1', -3, 2, NULL),
('mizutsune-legs-s', 4, 60, -1, 0, 1, 2, 0, 1, 0, 'Mizutsune Greaves S', 6, 'Mizutsune', '1', -3, 2, NULL),
('nargacuga-head-s', 0, 60, 1, -2, 1, 0, 1, 0, 0, 'Nargacuga Helm S', 6, 'Nargacuga', '1', -3, 1, NULL),
('nargacuga-body-s', 1, 60, 1, -2, 1, 2, 0, 0, 0, 'Nargacuga Mail S', 6, 'Nargacuga', '1', -3, 1, NULL),
('nargacuga-arms-s', 2, 60, 1, -2, 1, 2, 0, 0, 0, 'Nargacuga Braces S', 6, 'Nargacuga', '1', -3, 1, NULL),
('nargacuga-waist-s', 3, 60, 1, -2, 1, 0, 1, 0, 0, 'Nargacuga Coil S', 6, 'Nargacuga', '1', -3, 1, NULL),
('nargacuga-legs-s', 4, 60, 1, -2, 1, 1, 0, 0, 0, 'Nargacuga Greaves S', 6, 'Nargacuga', '1', -3, 1, NULL),
('rakna-kadaki-head-s', 0, 66, 1, 4, -3, 2, 0, 0, 0, 'Rakna Helm', 6, 'Rakna-Kadaki', '1', -1, -2, NULL),
('rakna-kadaki-body-s', 1, 66, 1, 4, -3, 1, 1, 0, 0, 'Rakna Mail', 6, 'Rakna-Kadaki', '1', -1, -2, NULL),
('rakna-kadaki-arms-s', 2, 66, 1, 4, -3, 0, 1, 0, 0, 'Rakna Armguards', 6, 'Rakna-Kadaki', '1', -1, -2, NULL),
('rakna-kadaki-waist-s', 3, 66, 1, 4, -3, 0, 2, 0, 0, 'Rakna Coil', 6, 'Rakna-Kadaki', '1', -1, -2, NULL),
('rakna-kadaki-legs-s', 4, 66, 1, 4, -3, 1, 0, 0, 0, 'Rakna Greaves', 6, 'Rakna-Kadaki', '1', -1, -2, NULL),
('rathalos-head-s', 0, 62, -3, 3, 1, 2, 0, 0, 0, 'Rathalos Helm S', 6, 'Rathalos', '1', -2, 1, NULL),
('rathalos-body-s', 1, 62, -3, 3, 1, 1, 0, 0, 0, 'Rathalos Mail S', 6, 'Rathalos', '1', -2, 1, NULL),
('rathalos-arms-s', 2, 62, -3, 3, 1, 0, 1, 0, 0, 'Rathalos Braces S', 6, 'Rathalos', '1', -2, 1, NULL),
('rathalos-waist-s', 3, 62, -3, 3, 1, 0, 1, 0, 0, 'Rathalos Coil S', 6, 'Rathalos', '1', -2, 1, NULL),
('rathalos-legs-s', 4, 62, -3, 3, 1, 2, 0, 0, 0, 'Rathalos Greaves S', 6, 'Rathalos', '1', -2, 1, NULL),
('rhopessa-aelucanth-head-s', 0, 62, 2, -2, -2, 1, 0, 0, 0, 'Rhopessa/Aelucanth Vertex S', 6, 'Rhopessa/Aelucanth', '1', 3, 0, NULL),
('rhopessa-aelucanth-body-s', 1, 62, 2, -2, -2, 1, 0, 0, 0, 'Rhopessa/Aelucanth Thorax S', 6, 'Rhopessa/Aelucanth', '1', 3, 0, NULL),
('rhopessa-aelucanth-arms-s', 2, 62, 2, -2, -2, 0, 0, 1, 0, 'Rhopessa/Aelucanth Brachia S', 6, 'Rhopessa/Aelucanth', '1', 3, 0, NULL),
('rhopessa-aelucanth-waist-s', 3, 62, 2, -2, -2, 1, 0, 0, 0, 'Rhopessa/Aelucanth Elytra S', 6, 'Rhopessa/Aelucanth', '1', 3, 0, NULL),
('rhopessa-aelucanth-legs-s', 4, 62, 2, -2, -2, 2, 0, 0, 0, 'Rhopessa/Aelucanth Crura S', 6, 'Rhopessa/Aelucanth', '1', 3, 0, NULL),
('tigrex-head-s', 0, 64, -2, 2, 0, 1, 1, 0, 0, 'Tigrex Helm S', 6, 'Tigrex', '1', -3, 0, NULL),
('tigrex-body-s', 1, 64, -2, 2, 0, 2, 0, 0, 0, 'Tigrex Mail S', 6, 'Tigrex', '1', -3, 0, NULL),
('tigrex-arms-s', 2, 64, -2, 2, 0, 0, 0, 1, 0, 'Tigrex Braces S', 6, 'Tigrex', '1', -3, 0, NULL),
('tigrex-waist-s', 3, 64, -2, 2, 0, 1, 1, 0, 0, 'Tigrex Coil S', 6, 'Tigrex', '1', -3, 0, NULL),
('tigrex-legs-s', 4, 64, -2, 2, 0, 1, 0, 0, 0, 'Tigrex Greaves S', 6, 'Tigrex', '1', -3, 0, NULL),
('zinogre-head-s', 0, 62, 1, 0, -4, 1, 0, 0, 0, 'Zinogre Helm S', 6, 'Zinogre', '1', 4, -1, NULL),
('zinogre-body-s', 1, 62, 1, 0, -4, 1, 0, 0, 0, 'Zinogre Mail S', 6, 'Zinogre', '1', 4, -1, NULL),
('zinogre-arms-s', 2, 62, 1, 0, -4, 0, 1, 0, 0, 'Zinogre Braces S', 6, 'Zinogre', '1', 4, -1, NULL),
('zinogre-waist-s', 3, 62, 1, 0, -4, 1, 0, 1, 0, 'Zinogre Coil S', 6, 'Zinogre', '1', 4, -1, NULL),
('zinogre-legs-s', 4, 62, 1, 0, -4, 1, 0, 0, 0, 'Zinogre Greaves S', 6, 'Zinogre', '1', 4, -1, NULL),
('rajang-head-s', 0, 70, 2, 2, -5, 1, 1, 0, 0, 'Golden Headdress', 7, 'Rajang', '1', 3, 1, NULL);               
INSERT INTO "PUBLIC"."ARMOR_PIECE" VALUES
('rajang-body-s', 1, 70, 2, 2, -5, 0, 1, 0, 0, 'Golden Haori', 7, 'Rajang', '1', 3, 1, NULL),
('rajang-arms-s', 2, 70, 2, 2, -5, 1, 0, 1, 0, 'Golden Kote', 7, 'Rajang', '1', 3, 1, NULL),
('rajang-waist-s', 3, 70, 2, 2, -5, 1, 0, 0, 0, 'Golden Obi', 7, 'Rajang', '1', 3, 1, NULL),
('rajang-legs-s', 4, 70, 2, 2, -5, 2, 0, 0, 0, 'Golden Hakama', 7, 'Rajang', '1', 3, 1, NULL),
('thunder-serpent-narwa-head-s', 0, 76, -4, 2, -3, 0, 0, 0, 0, 'Narwa''s Helm', 7, 'Thunder Serpent Narwa', '1', 4, 1, NULL),
('thunder-serpent-narwa-body-s', 1, 76, -4, 2, -3, 0, 0, 0, 0, 'Narwa Breastplate', 7, 'Thunder Serpent Narwa', '1', 4, 1, NULL),
('thunder-serpent-narwa-arms-s', 2, 76, -4, 2, -3, 0, 0, 0, 0, 'Narwa''s Pauldrons', 7, 'Thunder Serpent Narwa', '1', 4, 1, NULL),
('thunder-serpent-narwa-waist-s', 3, 76, -4, 2, -3, 0, 0, 0, 0, 'Narwa''s Fauld', 7, 'Thunder Serpent Narwa', '1', 4, 1, NULL),
('thunder-serpent-narwa-legs-s', 4, 76, -4, 2, -3, 0, 0, 0, 0, 'Foot of Narwa', 7, 'Thunder Serpent Narwa', '1', 4, 1, NULL),
('wind-serpent-ibushi-head-s', 0, 66, -2, -1, 0, 0, 0, 0, 0, 'Ibushi''s Helm', 7, 'Wind Serpent Ibushi', '1', 0, 0, NULL),
('wind-serpent-ibushi-body-s', 1, 66, -2, -1, 0, 0, 0, 0, 0, 'Ibushi''s Breastplate', 7, 'Wind Serpent Ibushi', '1', 0, 0, NULL),
('wind-serpent-ibushi-arms-s', 2, 66, -2, -1, 0, 0, 0, 0, 0, 'Ibushi''s Pauldrons', 7, 'Wind Serpent Ibushi', '1', 0, 0, NULL),
('wind-serpent-ibushi-waist-s', 3, 66, -2, -1, 0, 0, 0, 0, 0, 'Ibushi''s Fauld', 7, 'Wind Serpent Ibushi', '1', 0, 0, NULL),
('wind-serpent-ibushi-legs-s', 4, 66, -2, -1, 0, 0, 0, 0, 0, 'Foot of Ibushi', 7, 'Wind Serpent Ibushi', '1', 0, 0, NULL),
('bazelgeuse-head-s', 0, 72, -2, 3, -2, 0, 1, 0, 0, 'Bazelgeuse Helm', 7, 'Bazelgeuse', '1', -4, 1, NULL),
('bazelgeuse-body-s', 1, 72, -2, 3, -2, 2, 0, 0, 0, 'Bazelgeuse Mail', 7, 'Bazelgeuse', '1', -4, 1, NULL),
('bazelgeuse-arms-s', 2, 72, -2, 3, -2, 0, 2, 0, 0, 'Bazelgeuse Braces', 7, 'Bazelgeuse', '1', -4, 1, NULL),
('bazelgeuse-waist-s', 3, 72, -2, 3, -2, 0, 2, 0, 0, 'Bazelgeuse Coil', 7, 'Bazelgeuse', '1', -4, 1, NULL),
('bazelgeuse-legs-s', 4, 72, -2, 3, -2, 0, 0, 1, 0, 'Bazelgeuse Greaves', 7, 'Bazelgeuse', '1', -4, 1, NULL),
('damascus-head-s', 0, 68, -1, -1, 1, 0, 0, 0, 0, 'Damascus Helm', 7, 'Damascus', '1', -3, 2, NULL),
('damascus-body-s', 1, 68, -1, -1, 1, 2, 0, 0, 0, 'Damascus Mail', 7, 'Damascus', '1', -3, 2, NULL),
('damascus-arms-s', 2, 68, -1, -1, 1, 1, 1, 0, 0, 'Damascus Vambraces', 7, 'Damascus', '1', -3, 2, NULL),
('damascus-waist-s', 3, 68, -1, -1, 1, 1, 0, 0, 0, 'Damascus Coil', 7, 'Damascus', '1', -3, 2, NULL),
('damascus-legs-s', 4, 68, -1, -1, 1, 1, 0, 0, 0, 'Damascus Greaves', 7, 'Damascus', '1', -3, 2, NULL),
('chameleos-head-s', 0, 74, -3, -5, 3, 1, 0, 0, 0, 'Mizuha Cap', 7, 'Chameleos', '1', 0, 1, NULL),
('chameleos-body-s', 1, 74, -3, -5, 3, 1, 0, 0, 0, 'Mizuha Guards', 7, 'Chameleos', '1', 0, 1, NULL),
('chameleos-arms-s', 2, 74, -3, -5, 3, 1, 0, 0, 0, 'Mizuha Sleeves', 7, 'Chameleos', '1', 0, 1, NULL),
('chameleos-waist-s', 3, 74, -3, -5, 3, 1, 0, 0, 0, 'Mizuha Sash', 7, 'Chameleos', '1', 0, 1, NULL),
('chameleos-legs-s', 4, 74, -3, -5, 3, 0, 1, 0, 0, 'Mizuha Gaiters', 7, 'Chameleos', '1', 0, 1, NULL),
('kushala-daora-head-s', 0, 74, -3, -1, 3, 1, 0, 0, 0, 'Kushala Glare', 7, 'Kushala Daora', '1', -2, 2, NULL),
('kushala-daora-body-s', 1, 74, -3, -1, 3, 0, 1, 0, 0, 'Kushala Cista', 7, 'Kushala Daora', '1', -2, 2, NULL),
('kushala-daora-arms-s', 2, 74, -3, -1, 3, 1, 0, 0, 0, 'Kushala Grip', 7, 'Kushala Daora', '1', -2, 2, NULL),
('kushala-daora-waist-s', 3, 74, -3, -1, 3, 1, 0, 0, 0, 'Kushala Cocoon', 7, 'Kushala Daora', '1', -2, 2, NULL),
('kushala-daora-legs-s', 4, 74, -3, -1, 3, 1, 0, 0, 0, 'Kushala Crus', 7, 'Kushala Daora', '1', -2, 2, NULL),
('teostra-head-s', 0, 74, -3, 4, -1, 1, 0, 0, 0, 'Kaiser Crown', 7, 'Teostra', '1', 1, -4, NULL),
('teostra-body-s', 1, 74, -3, 4, -1, 1, 0, 0, 0, 'Kaiser Mail', 7, 'Teostra', '1', 1, -4, NULL),
('teostra-arms-s', 2, 74, -3, 4, -1, 0, 1, 0, 0, 'Kaiser Vambraces', 7, 'Teostra', '1', 1, -4, NULL);          
INSERT INTO "PUBLIC"."ARMOR_PIECE" VALUES
('teostra-waist-s', 3, 74, -3, 4, -1, 0, 0, 1, 0, 'Kaiser Coil', 7, 'Teostra', '1', 1, -4, NULL),
('teostra-legs-s', 4, 74, -3, 4, -1, 1, 0, 0, 0, 'Kaiser Greaves', 7, 'Teostra', '1', 1, -4, NULL),
('flame-seal-head-s', 0, 56, 0, 3, 0, 0, 0, 0, 0, 'Flame Seal', 7, 'Flame Seal', '1', 0, 0, NULL),
('feather-of-mastery-head-s', 0, 56, 0, 0, 0, 0, 0, 0, 0, 'Feather of Mastery', 7, 'Feather of Mastery', '1', 0, 0, NULL);  
CREATE CACHED TABLE "PUBLIC"."ARMOR_PIECE_SKILL"(
    "SKILL_LEVEL" INTEGER NOT NULL CHECK (("SKILL_LEVEL" <= 7)
    AND ("SKILL_LEVEL" >= 1)),
    "ARMOR_PIECE_ID" VARCHAR NOT NULL,
    "SKILL_ID" VARCHAR NOT NULL
);      
ALTER TABLE "PUBLIC"."ARMOR_PIECE_SKILL" ADD CONSTRAINT "PUBLIC"."CONSTRAINT_F" PRIMARY KEY("ARMOR_PIECE_ID", "SKILL_ID");     
-- 909 +/- SELECT COUNT(*) FROM PUBLIC.ARMOR_PIECE_SKILL;      
INSERT INTO "PUBLIC"."ARMOR_PIECE_SKILL" VALUES
(1, 'chainmail-head-lr', 'botanist'),
(1, 'chainmail-head-lr', 'defense-boost'),
(1, 'chainmail-body-lr', 'defense-boost'),
(1, 'chainmail-body-lr', 'peak-performance'),
(1, 'chainmail-arms-lr', 'botanist'),
(1, 'chainmail-waist-lr', 'guard'),
(1, 'chainmail-legs-lr', 'stamina-surge'),
(1, 'great-baggi-head-lr', 'ice-attack'),
(1, 'great-baggi-body-lr', 'attack-boost'),
(1, 'great-baggi-arms-lr', 'ice-attack'),
(1, 'great-baggi-arms-lr', 'sleep-resistance'),
(1, 'great-baggi-waist-lr', 'sleep-resistance'),
(1, 'great-baggi-legs-lr', 'attack-boost'),
(1, 'great-izuchi-head-lr', 'critical-eye'),
(1, 'great-izuchi-body-lr', 'critical-eye'),
(1, 'great-izuchi-body-lr', 'recovery-speed'),
(1, 'great-izuchi-arms-lr', 'constitution'),
(1, 'great-izuchi-waist-lr', 'critical-eye'),
(1, 'great-izuchi-legs-lr', 'recovery-speed'),
(1, 'hunter-head-lr', 'item-prolonger'),
(1, 'hunter-body-lr', 'attack-boost'),
(1, 'hunter-arms-lr', 'quick-sheath'),
(1, 'hunter-waist-lr', 'stun-resistance'),
(1, 'hunter-legs-lr', 'attack-boost'),
(1, 'hunter-legs-lr', 'stun-resistance'),
(1, 'kamura-head-lr', 'divine-blessing'),
(1, 'kamura-body-lr', 'wirebug-whisperer'),
(1, 'kamura-arms-lr', 'heroics'),
(1, 'kamura-waist-lr', 'critical-eye'),
(1, 'kamura-legs-lr', 'wall-runner'),
(1, 'lagombi-head-lr', 'critical-eye'),
(1, 'lagombi-body-lr', 'affinity-sliding'),
(1, 'lagombi-arms-lr', 'ice-attack'),
(1, 'lagombi-waist-lr', 'constitution'),
(1, 'lagombi-legs-lr', 'critical-eye'),
(1, 'leather-head-lr', 'hunger-resistance'),
(1, 'leather-body-lr', 'botanist'),
(1, 'leather-arms-lr', 'geologist'),
(1, 'leather-waist-lr', 'recovery-up'),
(1, 'leather-legs-lr', 'geologist'),
(1, 'vaik-head-lr', 'ammo-up'),
(1, 'vaik-body-lr', 'steadiness'),
(1, 'vaik-arms-lr', 'normal-rapid-up'),
(1, 'vaik-waist-lr', 'steadiness'),
(1, 'vaik-legs-lr', 'ammo-up'),
(1, 'aknosom-head-lr', 'fire-attack'),
(1, 'aknosom-body-lr', 'quick-sheath'),
(1, 'aknosom-arms-lr', 'fire-attack'),
(1, 'aknosom-waist-lr', 'recovery-speed'),
(1, 'aknosom-legs-lr', 'fire-attack'),
(1, 'alloy-head-lr', 'water-attack'),
(1, 'alloy-body-lr', 'speed-sharpening'),
(1, 'alloy-arms-lr', 'critical-eye'),
(1, 'alloy-waist-lr', 'critical-eye'),
(1, 'alloy-waist-lr', 'water-attack'),
(1, 'alloy-legs-lr', 'speed-sharpening'),
(1, 'barioth-head-lr', 'critical-draw'),
(1, 'barioth-body-lr', 'quick-sheath'),
(1, 'barioth-arms-lr', 'critical-eye'),
(2, 'barioth-waist-lr', 'critical-eye'),
(1, 'barioth-legs-lr', 'quick-sheath'),
(1, 'barroth-head-lr', 'attack-boost'),
(1, 'barroth-body-lr', 'attack-boost'),
(1, 'barroth-body-lr', 'defense-boost'),
(1, 'barroth-arms-lr', 'affinity-sliding'),
(1, 'barroth-waist-lr', 'guard'),
(1, 'barroth-legs-lr', 'guard'),
(2, 'basarios-head-lr', 'defense-boost'),
(1, 'basarios-body-lr', 'guard'),
(1, 'basarios-arms-lr', 'guard'),
(1, 'basarios-arms-lr', 'speed-sharpening'),
(1, 'basarios-waist-lr', 'defense-boost'),
(1, 'basarios-waist-lr', 'speed-sharpening'),
(1, 'basarios-legs-lr', 'defense-boost'),
(1, 'basarios-legs-lr', 'load-shells'),
(1, 'bishaten-head-lr', 'item-prolonger'),
(1, 'bishaten-head-lr', 'stun-resistance'),
(1, 'bishaten-body-lr', 'wide-range'),
(1, 'bishaten-arms-lr', 'stun-resistance'),
(1, 'bishaten-waist-lr', 'item-prolonger'),
(1, 'bishaten-legs-lr', 'maximum-might'),
(1, 'bnahabra-head-lr', 'recoil-down'),
(1, 'bnahabra-body-lr', 'paralysis-attack'),
(1, 'bnahabra-arms-lr', 'evade-window'),
(1, 'bnahabra-waist-lr', 'paralysis-attack'),
(1, 'bnahabra-legs-lr', 'recoil-down'),
(1, 'bone-head-lr', 'partbreaker'),
(1, 'bone-body-lr', 'stamina-thief'),
(1, 'bone-arms-lr', 'stamina-thief'),
(1, 'bone-waist-lr', 'focus'),
(1, 'bone-legs-lr', 'muck-resistance'),
(1, 'bullfango-head-lr', 'bludgeoner'),
(1, 'chaos-head-lr', 'mushroomancer'),
(2, 'death-stench-head-lr', 'dragon-resistance'),
(1, 'death-stench-body-lr', 'rapid-morph'),
(1, 'death-stench-arms-lr', 'maximum-might'),
(1, 'death-stench-waist-lr', 'dragon-resistance'),
(1, 'death-stench-legs-lr', 'rapid-morph'),
(1, 'droth-body-lr', 'water-resistance'),
(1, 'droth-waist-lr', 'diversion');          
INSERT INTO "PUBLIC"."ARMOR_PIECE_SKILL" VALUES
(2, 'droth-legs-lr', 'water-resistance'),
(1, 'gargwa-head-lr', 'leap-of-faith'),
(1, 'great-wroggi-head-lr', 'evade-extender'),
(1, 'great-wroggi-body-lr', 'poison-attack'),
(1, 'great-wroggi-arms-lr', 'ammo-up'),
(1, 'great-wroggi-waist-lr', 'poison-attack'),
(1, 'great-wroggi-legs-lr', 'evade-extender'),
(1, 'ingot-head-lr', 'windproof'),
(1, 'ingot-body-lr', 'windproof'),
(2, 'ingot-arms-lr', 'thunder-attack'),
(1, 'ingot-waist-lr', 'power-prolonger'),
(1, 'ingot-legs-lr', 'critical-eye'),
(1, 'jaggi-arms-lr', 'attack-boost'),
(1, 'jaggi-legs-lr', 'master-mounter'),
(1, 'jaggi-mask-head-lr', 'affinity-sliding'),
(1, 'khezu-head-lr', 'recovery-up'),
(1, 'khezu-body-lr', 'wall-runner'),
(1, 'khezu-arms-lr', 'recovery-speed'),
(1, 'khezu-arms-lr', 'thunder-attack'),
(1, 'khezu-arms-lr', 'wall-runner'),
(1, 'khezu-waist-lr', 'focus'),
(1, 'khezu-waist-lr', 'slugger'),
(1, 'khezu-legs-lr', 'recovery-speed'),
(1, 'kulu-ya-ku-head-lr', 'maximum-might'),
(1, 'kulu-ya-ku-body-lr', 'horn-maestro'),
(1, 'kulu-ya-ku-arms-lr', 'slugger'),
(1, 'kulu-ya-ku-waist-lr', 'stamina-thief'),
(1, 'kulu-ya-ku-legs-lr', 'critical-eye'),
(1, 'kulu-ya-ku-legs-lr', 'stun-resistance'),
(1, 'ludroth-head-lr', 'water-attack'),
(1, 'ludroth-body-lr', 'stamina-surge'),
(1, 'ludroth-arms-lr', 'marathon-runner'),
(2, 'ludroth-waist-lr', 'water-attack'),
(1, 'ludroth-legs-lr', 'power-prolonger'),
(1, 'melahoa-set-head-lr', 'paralysis-resistance'),
(1, 'melahoa-set-body-lr', 'botanist'),
(1, 'melahoa-set-body-lr', 'recovery-up'),
(1, 'melahoa-set-arms-lr', 'paralysis-resistance'),
(1, 'melahoa-set-arms-lr', 'recovery-up'),
(1, 'melahoa-set-waist-lr', 'botanist'),
(1, 'melahoa-set-waist-lr', 'recovery-speed'),
(2, 'melahoa-set-legs-lr', 'recovery-speed'),
(1, 'mosgharl-head-lr', 'blast-resistance'),
(2, 'mosgharl-body-lr', 'reload-speed'),
(1, 'mosgharl-arms-lr', 'blast-resistance'),
(2, 'mosgharl-waist-lr', 'fire-attack'),
(2, 'mosgharl-legs-lr', 'recoil-down'),
(1, 'pukei-pukei-head-lr', 'special-ammo-boost'),
(1, 'pukei-pukei-body-lr', 'constitution'),
(1, 'pukei-pukei-arms-lr', 'spare-shot'),
(2, 'pukei-pukei-waist-lr', 'poison-attack'),
(1, 'pukei-pukei-legs-lr', 'constitution'),
(1, 'rathian-head-lr', 'blight-resistance'),
(1, 'rathian-body-lr', 'recovery-up'),
(1, 'rathian-arms-lr', 'blight-resistance'),
(1, 'rathian-waist-lr', 'recovery-up'),
(1, 'rathian-waist-lr', 'wide-range'),
(1, 'rathian-legs-lr', 'free-meal'),
(2, 'remobra-head-lr', 'windproof'),
(1, 'remobra-body-lr', 'item-prolonger'),
(1, 'remobra-arms-lr', 'critical-element'),
(1, 'remobra-arms-lr', 'windproof'),
(1, 'remobra-waist-lr', 'critical-element'),
(1, 'remobra-legs-lr', 'divine-blessing'),
(1, 'rhenoplos-head-lr', 'pierce-up'),
(1, 'rhenoplos-body-lr', 'artillery'),
(1, 'rhenoplos-body-lr', 'stun-resistance'),
(1, 'rhenoplos-arms-lr', 'artillery'),
(1, 'rhenoplos-waist-lr', 'tremor-resistance'),
(1, 'rhenoplos-legs-lr', 'tremor-resistance'),
(1, 'shell-studded-head-lr', 'water-resistance'),
(1, 'shell-studded-body-lr', 'reload-speed'),
(1, 'shell-studded-arms-lr', 'recoil-down'),
(1, 'shell-studded-legs-lr', 'spread-up'),
(1, 'slagoth-head-lr', 'free-meal'),
(1, 'slagoth-body-lr', 'free-meal'),
(1, 'somnacanth-head-lr', 'sleep-attack'),
(1, 'somnacanth-body-lr', 'item-prolonger'),
(1, 'somnacanth-arms-lr', 'bombardier'),
(1, 'somnacanth-arms-lr', 'divine-blessing'),
(1, 'somnacanth-waist-lr', 'bombardier'),
(1, 'somnacanth-legs-lr', 'divine-blessing'),
(1, 'tetranodon-head-lr', 'speed-eating'),
(1, 'tetranodon-body-lr', 'normal-rapid-up'),
(1, 'tetranodon-arms-lr', 'special-ammo-boost'),
(1, 'tetranodon-waist-lr', 'heroics'),
(1, 'tetranodon-legs-lr', 'hunger-resistance'),
(1, 'tobi-kadachi-head-lr', 'jump-master'),
(1, 'tobi-kadachi-body-lr', 'critical-eye'),
(1, 'tobi-kadachi-arms-lr', 'constitution'),
(2, 'tobi-kadachi-waist-lr', 'thunder-attack'),
(1, 'tobi-kadachi-legs-lr', 'constitution'),
(1, 'tobi-kadachi-legs-lr', 'critical-eye'),
(2, 'uroktor-body-lr', 'fire-resistance'),
(1, 'uroktor-waist-lr', 'fire-resistance'),
(1, 'volvidon-head-lr', 'paralysis-attack');      
INSERT INTO "PUBLIC"."ARMOR_PIECE_SKILL" VALUES
(1, 'volvidon-body-lr', 'rapid-morph'),
(1, 'volvidon-arms-lr', 'evade-extender'),
(1, 'volvidon-waist-lr', 'rapid-morph'),
(1, 'volvidon-legs-lr', 'evade-extender'),
(1, 'almudron-head-lr', 'rapid-morph'),
(1, 'almudron-body-lr', 'razor-sharp'),
(1, 'almudron-arms-lr', 'evade-window'),
(1, 'almudron-arms-lr', 'rapid-morph'),
(1, 'almudron-waist-lr', 'power-prolonger'),
(1, 'almudron-legs-lr', 'razor-sharp'),
(1, 'anjanath-head-lr', 'focus'),
(1, 'anjanath-head-lr', 'slugger'),
(1, 'anjanath-body-lr', 'focus'),
(1, 'anjanath-body-lr', 'marathon-runner'),
(1, 'anjanath-arms-lr', 'attack-boost'),
(1, 'anjanath-arms-lr', 'slugger'),
(2, 'anjanath-waist-lr', 'attack-boost'),
(1, 'anjanath-legs-lr', 'marathon-runner'),
(1, 'channeler-utsushi-h-head-lr', 'razor-sharp'),
(1, 'channeler-utsushi-h-head-lr', 'spare-shot'),
(1, 'channeler-utsushi-h-body-lr', 'razor-sharp'),
(1, 'channeler-utsushi-h-body-lr', 'spare-shot'),
(1, 'channeler-utsushi-h-arms-lr', 'evade-window'),
(1, 'channeler-utsushi-h-arms-lr', 'wirebug-whisperer'),
(1, 'channeler-utsushi-h-waist-lr', 'agitator'),
(1, 'channeler-utsushi-h-legs-lr', 'agitator'),
(1, 'channeler-utsushi-h-legs-lr', 'evade-window'),
(1, 'diablos-head-lr', 'guard'),
(1, 'diablos-head-lr', 'stamina-surge'),
(1, 'diablos-body-lr', 'guard'),
(1, 'diablos-arms-lr', 'offensive-guard'),
(1, 'diablos-waist-lr', 'stamina-surge'),
(1, 'diablos-legs-lr', 'guard'),
(1, 'diablos-legs-lr', 'offensive-guard'),
(1, 'goss-harag-head-lr', 'agitator'),
(1, 'goss-harag-body-lr', 'critical-draw'),
(1, 'goss-harag-arms-lr', 'critical-draw'),
(1, 'goss-harag-arms-lr', 'punishing-draw'),
(1, 'goss-harag-waist-lr', 'punishing-draw'),
(1, 'goss-harag-waist-lr', 'resentment'),
(1, 'goss-harag-legs-lr', 'agitator'),
(1, 'jelly-head-lr', 'divine-blessing'),
(1, 'jelly-body-lr', 'blast-attack'),
(1, 'jelly-arms-lr', 'divine-blessing'),
(1, 'jelly-waist-lr', 'partbreaker'),
(1, 'jelly-legs-lr', 'blast-attack'),
(1, 'magnamalo-head-lr', 'counterstrike'),
(1, 'magnamalo-head-lr', 'resentment'),
(1, 'magnamalo-body-lr', 'hellfire-cloak'),
(1, 'magnamalo-body-lr', 'resentment'),
(1, 'magnamalo-arms-lr', 'hellfire-cloak'),
(1, 'magnamalo-waist-lr', 'hellfire-cloak'),
(2, 'magnamalo-waist-lr', 'counterstrike'),
(1, 'magnamalo-legs-lr', 'resentment'),
(1, 'makluva-head-lr', 'sleep-resistance'),
(2, 'makluva-body-lr', 'water-attack'),
(1, 'makluva-arms-lr', 'leap-of-faith'),
(1, 'makluva-waist-lr', 'speed-eating'),
(1, 'makluva-legs-lr', 'speed-eating'),
(1, 'medium-utsushi-v-head-lr', 'free-meal'),
(1, 'medium-utsushi-v-head-lr', 'speed-eating'),
(1, 'medium-utsushi-v-body-lr', 'wide-range'),
(1, 'medium-utsushi-v-arms-lr', 'wide-range'),
(1, 'medium-utsushi-v-waist-lr', 'speed-eating'),
(1, 'medium-utsushi-v-legs-lr', 'wide-range'),
(1, 'mizutsune-head-lr', 'water-attack'),
(1, 'mizutsune-body-lr', 'bubbly-dance'),
(1, 'mizutsune-body-lr', 'water-attack'),
(1, 'mizutsune-arms-lr', 'free-meal'),
(1, 'mizutsune-arms-lr', 'water-attack'),
(1, 'mizutsune-waist-lr', 'free-meal'),
(1, 'mizutsune-legs-lr', 'bubbly-dance'),
(1, 'nargacuga-head-lr', 'evade-window'),
(1, 'nargacuga-body-lr', 'critical-eye'),
(1, 'nargacuga-arms-lr', 'evade-extender'),
(1, 'nargacuga-arms-lr', 'evade-window'),
(1, 'nargacuga-waist-lr', 'evade-extender'),
(1, 'nargacuga-legs-lr', 'critical-eye'),
(1, 'nargacuga-legs-lr', 'evade-window'),
(1, 'rathalos-head-lr', 'attack-boost'),
(1, 'rathalos-head-lr', 'fire-attack'),
(1, 'rathalos-body-lr', 'partbreaker'),
(1, 'rathalos-body-lr', 'windproof'),
(1, 'rathalos-arms-lr', 'attack-boost'),
(1, 'rathalos-waist-lr', 'attack-boost'),
(1, 'rathalos-waist-lr', 'windproof'),
(1, 'rathalos-legs-lr', 'attack-boost'),
(1, 'rathalos-legs-lr', 'fire-attack'),
(1, 'rhopessa-aelucanth-head-lr', 'critical-element'),
(1, 'rhopessa-aelucanth-body-lr', 'critical-element'),
(1, 'rhopessa-aelucanth-body-lr', 'dragon-attack'),
(1, 'rhopessa-aelucanth-arms-lr', 'evade-window'),
(2, 'rhopessa-aelucanth-waist-lr', 'dragon-attack'),
(2, 'rhopessa-aelucanth-legs-lr', 'critical-eye'),
(1, 'skull-head-lr', 'fortify'); 
INSERT INTO "PUBLIC"."ARMOR_PIECE_SKILL" VALUES
(1, 'spio-skalda-head-lr', 'poison-attack'),
(1, 'spio-skalda-body-lr', 'critical-eye'),
(1, 'spio-skalda-arms-lr', 'poison-resistance'),
(1, 'spio-skalda-waist-lr', 'critical-eye'),
(1, 'spio-skalda-legs-lr', 'poison-resistance'),
(1, 'tigrex-head-lr', 'earplugs'),
(1, 'tigrex-head-lr', 'speed-eating'),
(1, 'tigrex-body-lr', 'bludgeoner'),
(1, 'tigrex-body-lr', 'earplugs'),
(2, 'tigrex-arms-lr', 'bludgeoner'),
(1, 'tigrex-waist-lr', 'earplugs'),
(1, 'tigrex-legs-lr', 'speed-eating'),
(1, 'zinogre-head-lr', 'critical-eye'),
(1, 'zinogre-head-lr', 'latent-power'),
(1, 'zinogre-body-lr', 'critical-eye'),
(1, 'zinogre-body-lr', 'latent-power'),
(1, 'zinogre-arms-lr', 'constitution'),
(1, 'zinogre-waist-lr', 'latent-power'),
(2, 'zinogre-legs-lr', 'constitution'),
(1, 'aknosom-head-s', 'fire-attack'),
(1, 'aknosom-head-s', 'quick-sheath'),
(1, 'aknosom-body-s', 'peak-performance'),
(1, 'aknosom-body-s', 'quick-sheath'),
(1, 'aknosom-arms-s', 'fire-attack'),
(1, 'aknosom-arms-s', 'peak-performance'),
(1, 'aknosom-waist-s', 'quick-sheath'),
(1, 'aknosom-legs-s', 'peak-performance'),
(2, 'aknosom-legs-s', 'fire-attack'),
(1, 'alloy-head-s', 'protective-polish'),
(1, 'alloy-head-s', 'water-attack'),
(2, 'alloy-body-s', 'speed-sharpening'),
(1, 'alloy-arms-s', 'critical-eye'),
(1, 'alloy-arms-s', 'water-attack'),
(1, 'alloy-waist-s', 'critical-eye'),
(2, 'alloy-waist-s', 'water-attack'),
(1, 'alloy-legs-s', 'critical-eye'),
(1, 'alloy-legs-s', 'speed-sharpening'),
(1, 'arzuros-head-s', 'defense-boost'),
(1, 'arzuros-head-s', 'fortify'),
(1, 'arzuros-body-s', 'counterstrike'),
(1, 'arzuros-arms-s', 'counterstrike'),
(2, 'arzuros-arms-s', 'defense-boost'),
(1, 'arzuros-waist-s', 'counterstrike'),
(1, 'arzuros-waist-s', 'defense-boost'),
(1, 'barroth-head-s', 'attack-boost'),
(1, 'barroth-head-s', 'defense-boost'),
(1, 'barroth-head-s', 'offensive-guard'),
(1, 'barroth-body-s', 'attack-boost'),
(2, 'barroth-body-s', 'defense-boost'),
(1, 'barroth-arms-s', 'affinity-sliding'),
(2, 'barroth-arms-s', 'attack-boost'),
(1, 'barroth-waist-s', 'defense-boost'),
(2, 'barroth-waist-s', 'guard'),
(1, 'barroth-legs-s', 'defense-boost'),
(1, 'barroth-legs-s', 'guard'),
(1, 'barroth-legs-s', 'offensive-guard'),
(1, 'bnahabra-head-s', 'poison-attack'),
(2, 'bnahabra-head-s', 'recoil-down'),
(1, 'bnahabra-body-s', 'evade-window'),
(1, 'bnahabra-body-s', 'paralysis-attack'),
(1, 'bnahabra-arms-s', 'evade-window'),
(2, 'bnahabra-arms-s', 'poison-attack'),
(1, 'bnahabra-waist-s', 'evade-window'),
(1, 'bnahabra-waist-s', 'paralysis-attack'),
(1, 'bnahabra-legs-s', 'paralysis-attack'),
(1, 'bnahabra-legs-s', 'recoil-down'),
(1, 'bone-head-s', 'partbreaker'),
(1, 'bone-head-s', 'stamina-thief'),
(1, 'bone-body-s', 'marathon-runner'),
(1, 'bone-body-s', 'stamina-thief'),
(1, 'bone-arms-s', 'muck-resistance'),
(1, 'bone-arms-s', 'stamina-thief'),
(1, 'bone-waist-s', 'focus'),
(1, 'bone-legs-s', 'focus'),
(2, 'bone-legs-s', 'muck-resistance'),
(2, 'bullfango-head-s', 'bludgeoner'),
(1, 'chainmail-head-s', 'botanist'),
(1, 'chainmail-head-s', 'defense-boost'),
(1, 'chainmail-body-s', 'defense-boost'),
(2, 'chainmail-body-s', 'flinch-free'),
(1, 'chainmail-arms-s', 'botanist'),
(1, 'chainmail-arms-s', 'defense-boost'),
(1, 'chainmail-waist-s', 'defense-boost'),
(1, 'chainmail-waist-s', 'guard'),
(1, 'chainmail-legs-s', 'botanist'),
(1, 'chainmail-legs-s', 'stamina-surge'),
(1, 'chaos-head-s', 'mushroomancer'),
(2, 'chaos-body-s', 'mushroomancer'),
(2, 'droth-body-s', 'water-attack'),
(1, 'droth-waist-s', 'diversion'),
(3, 'droth-legs-s', 'water-attack'),
(2, 'edel-head-s', 'poison-resistance'),
(2, 'edel-body-s', 'recovery-up'),
(1, 'edel-arms-s', 'capture-master'),
(1, 'edel-waist-s', 'recovery-up'),
(1, 'edel-legs-s', 'poison-resistance'),
(2, 'great-baggi-head-s', 'ice-attack'),
(1, 'great-baggi-body-s', 'attack-boost'),
(1, 'great-baggi-body-s', 'ice-attack'),
(1, 'great-baggi-arms-s', 'ice-attack'),
(2, 'great-baggi-arms-s', 'sleep-resistance'),
(1, 'great-baggi-waist-s', 'sleep-resistance'),
(2, 'great-baggi-waist-s', 'attack-boost'); 
INSERT INTO "PUBLIC"."ARMOR_PIECE_SKILL" VALUES
(1, 'great-baggi-legs-s', 'attack-boost'),
(1, 'great-izuchi-head-s', 'critical-eye'),
(1, 'great-izuchi-body-s', 'recovery-speed'),
(2, 'great-izuchi-body-s', 'critical-eye'),
(2, 'great-izuchi-arms-s', 'constitution'),
(2, 'great-izuchi-waist-s', 'critical-eye'),
(1, 'great-izuchi-legs-s', 'constitution'),
(1, 'great-izuchi-legs-s', 'recovery-speed'),
(1, 'great-wroggi-head-s', 'evade-extender'),
(1, 'great-wroggi-head-s', 'rapid-fire-up'),
(1, 'great-wroggi-body-s', 'poison-attack'),
(1, 'great-wroggi-body-s', 'rapid-fire-up'),
(1, 'great-wroggi-arms-s', 'ammo-up'),
(1, 'great-wroggi-waist-s', 'ammo-up'),
(2, 'great-wroggi-waist-s', 'poison-attack'),
(1, 'great-wroggi-legs-s', 'ammo-up'),
(1, 'great-wroggi-legs-s', 'evade-extender'),
(1, 'hunter-head-s', 'item-prolonger'),
(1, 'hunter-body-s', 'attack-boost'),
(1, 'hunter-body-s', 'handicraft'),
(1, 'hunter-arms-s', 'quick-sheath'),
(2, 'hunter-waist-s', 'stun-resistance'),
(1, 'hunter-legs-s', 'attack-boost'),
(1, 'hunter-legs-s', 'stun-resistance'),
(1, 'ingot-head-s', 'windproof'),
(2, 'ingot-body-s', 'windproof'),
(3, 'ingot-arms-s', 'thunder-attack'),
(2, 'ingot-waist-s', 'power-prolonger'),
(2, 'ingot-legs-s', 'attack-boost'),
(2, 'ingot-legs-s', 'critical-eye'),
(1, 'jaggi-arms-s', 'attack-boost'),
(1, 'jaggi-legs-s', 'master-mounter'),
(1, 'jaggi-mask-head-s', 'affinity-sliding'),
(1, 'kamura-head-s', 'divine-blessing'),
(1, 'kamura-head-s', 'resuscitate'),
(1, 'kamura-body-s', 'critical-eye'),
(1, 'kamura-body-s', 'wall-runner'),
(2, 'kamura-body-s', 'wirebug-whisperer'),
(1, 'kamura-arms-s', 'heroics'),
(2, 'kamura-arms-s', 'critical-eye'),
(1, 'kamura-waist-s', 'critical-eye'),
(1, 'kamura-waist-s', 'wirebug-whisperer'),
(1, 'kamura-legs-s', 'resuscitate'),
(2, 'kamura-legs-s', 'wall-runner'),
(1, 'khezu-head-s', 'focus'),
(1, 'khezu-head-s', 'recovery-up'),
(1, 'khezu-body-s', 'recovery-up'),
(1, 'khezu-body-s', 'wall-runner'),
(1, 'khezu-arms-s', 'recovery-speed'),
(1, 'khezu-arms-s', 'wall-runner'),
(2, 'khezu-arms-s', 'thunder-attack'),
(1, 'khezu-waist-s', 'focus'),
(1, 'khezu-waist-s', 'slugger'),
(1, 'khezu-legs-s', 'focus'),
(1, 'khezu-legs-s', 'recovery-speed'),
(1, 'khezu-legs-s', 'slugger'),
(1, 'kulu-ya-ku-head-s', 'maximum-might'),
(1, 'kulu-ya-ku-body-s', 'horn-maestro'),
(2, 'kulu-ya-ku-body-s', 'slugger'),
(1, 'kulu-ya-ku-arms-s', 'slugger'),
(2, 'kulu-ya-ku-arms-s', 'stamina-thief'),
(1, 'kulu-ya-ku-waist-s', 'maximum-might'),
(1, 'kulu-ya-ku-waist-s', 'stamina-thief'),
(1, 'kulu-ya-ku-legs-s', 'stun-resistance'),
(2, 'kulu-ya-ku-legs-s', 'critical-eye'),
(1, 'lagombi-head-s', 'critical-eye'),
(1, 'lagombi-head-s', 'ice-attack'),
(1, 'lagombi-body-s', 'affinity-sliding'),
(1, 'lagombi-body-s', 'constitution'),
(1, 'lagombi-arms-s', 'ice-attack'),
(2, 'lagombi-arms-s', 'critical-eye'),
(2, 'lagombi-waist-s', 'constitution'),
(1, 'lagombi-legs-s', 'critical-eye'),
(1, 'lagombi-legs-s', 'jump-master'),
(1, 'leather-head-s', 'geologist'),
(1, 'leather-head-s', 'hunger-resistance'),
(1, 'leather-body-s', 'botanist'),
(1, 'leather-arms-s', 'geologist'),
(1, 'leather-arms-s', 'special-ammo-boost'),
(1, 'leather-waist-s', 'recovery-up'),
(2, 'leather-waist-s', 'hunger-resistance'),
(1, 'leather-legs-s', 'geologist'),
(1, 'ludroth-head-s', 'marathon-runner'),
(1, 'ludroth-head-s', 'peak-performance'),
(2, 'ludroth-body-s', 'stamina-surge'),
(1, 'ludroth-arms-s', 'marathon-runner'),
(1, 'ludroth-waist-s', 'marathon-runner'),
(1, 'ludroth-waist-s', 'peak-performance'),
(2, 'ludroth-legs-s', 'power-prolonger'),
(1, 'rhenoplos-head-s', 'stun-resistance'),
(2, 'rhenoplos-head-s', 'pierce-up'),
(1, 'rhenoplos-body-s', 'artillery'),
(2, 'rhenoplos-body-s', 'stun-resistance'),
(2, 'rhenoplos-arms-s', 'artillery'),
(2, 'rhenoplos-waist-s', 'tremor-resistance'),
(1, 'rhenoplos-legs-s', 'pierce-up'),
(1, 'rhenoplos-legs-s', 'tremor-resistance'),
(1, 'slagoth-head-s', 'diversion'),
(1, 'slagoth-head-s', 'free-meal'),
(2, 'slagoth-body-s', 'free-meal'),
(2, 'spio-skalda-head-s', 'poison-attack'),
(1, 'spio-skalda-body-s', 'latent-power');       
INSERT INTO "PUBLIC"."ARMOR_PIECE_SKILL" VALUES
(1, 'spio-skalda-arms-s', 'latent-power'),
(1, 'spio-skalda-arms-s', 'poison-resistance'),
(2, 'spio-skalda-waist-s', 'weakness-exploit'),
(1, 'spio-skalda-legs-s', 'latent-power'),
(1, 'spio-skalda-legs-s', 'mind-s-eye'),
(1, 'spio-skalda-legs-s', 'poison-resistance'),
(1, 'tetranodon-head-s', 'normal-rapid-up'),
(1, 'tetranodon-head-s', 'speed-eating'),
(1, 'tetranodon-body-s', 'evade-extender'),
(1, 'tetranodon-body-s', 'normal-rapid-up'),
(1, 'tetranodon-arms-s', 'heroics'),
(1, 'tetranodon-arms-s', 'special-ammo-boost'),
(2, 'tetranodon-waist-s', 'heroics'),
(1, 'tetranodon-legs-s', 'hunger-resistance'),
(1, 'tetranodon-legs-s', 'normal-rapid-up'),
(1, 'volvidon-head-s', 'bludgeoner'),
(2, 'volvidon-head-s', 'paralysis-attack'),
(1, 'volvidon-body-s', 'jump-master'),
(1, 'volvidon-body-s', 'rapid-morph'),
(1, 'volvidon-arms-s', 'evade-extender'),
(1, 'volvidon-arms-s', 'paralysis-attack'),
(1, 'volvidon-waist-s', 'bludgeoner'),
(1, 'volvidon-waist-s', 'rapid-morph'),
(1, 'volvidon-legs-s', 'rapid-morph'),
(2, 'volvidon-legs-s', 'evade-extender'),
(2, 'barioth-head-s', 'critical-draw'),
(1, 'barioth-body-s', 'maximum-might'),
(1, 'barioth-body-s', 'quick-sheath'),
(1, 'barioth-arms-s', 'critical-eye'),
(1, 'barioth-arms-s', 'maximum-might'),
(1, 'barioth-arms-s', 'quick-sheath'),
(1, 'barioth-waist-s', 'critical-draw'),
(2, 'barioth-waist-s', 'critical-eye'),
(1, 'barioth-legs-s', 'quick-sheath'),
(1, 'basarios-head-s', 'load-shells'),
(2, 'basarios-head-s', 'defense-boost'),
(1, 'basarios-body-s', 'guard'),
(1, 'basarios-body-s', 'load-shells'),
(1, 'basarios-arms-s', 'speed-sharpening'),
(2, 'basarios-arms-s', 'guard'),
(2, 'basarios-waist-s', 'defense-boost'),
(2, 'basarios-waist-s', 'speed-sharpening'),
(1, 'basarios-legs-s', 'defense-boost'),
(1, 'basarios-legs-s', 'load-shells'),
(1, 'bishaten-head-s', 'item-prolonger'),
(1, 'bishaten-head-s', 'stun-resistance'),
(1, 'bishaten-head-s', 'wide-range'),
(1, 'bishaten-body-s', 'wide-range'),
(1, 'bishaten-arms-s', 'item-prolonger'),
(1, 'bishaten-arms-s', 'stun-resistance'),
(1, 'bishaten-waist-s', 'item-prolonger'),
(1, 'bishaten-waist-s', 'maximum-might'),
(1, 'bishaten-legs-s', 'maximum-might'),
(1, 'channeler-utsushi-h-head-s', 'wirebug-whisperer'),
(2, 'channeler-utsushi-h-head-s', 'razor-sharp'),
(2, 'channeler-utsushi-h-head-s', 'spare-shot'),
(1, 'channeler-utsushi-h-body-s', 'agitator'),
(1, 'channeler-utsushi-h-body-s', 'evade-window'),
(1, 'channeler-utsushi-h-body-s', 'razor-sharp'),
(1, 'channeler-utsushi-h-body-s', 'spare-shot'),
(1, 'channeler-utsushi-h-arms-s', 'evade-window'),
(1, 'channeler-utsushi-h-arms-s', 'wirebug-whisperer'),
(1, 'channeler-utsushi-h-waist-s', 'wirebug-whisperer'),
(2, 'channeler-utsushi-h-waist-s', 'agitator'),
(1, 'channeler-utsushi-h-legs-s', 'agitator'),
(1, 'channeler-utsushi-h-legs-s', 'evade-window'),
(2, 'chrome-metal-legs-s', 'flinch-free'),
(1, 'death-stench-head-s', 'protective-polish'),
(1, 'death-stench-body-s', 'fortify'),
(1, 'death-stench-body-s', 'rapid-morph'),
(2, 'death-stench-arms-s', 'maximum-might'),
(1, 'death-stench-waist-s', 'maximum-might'),
(1, 'death-stench-waist-s', 'protective-polish'),
(1, 'death-stench-legs-s', 'protective-polish'),
(1, 'death-stench-legs-s', 'rapid-morph'),
(1, 'dober-head-s', 'attack-boost'),
(1, 'dober-head-s', 'dragon-attack'),
(1, 'dober-head-s', 'heroics'),
(1, 'dober-body-s', 'dragon-attack'),
(1, 'dober-body-s', 'focus'),
(1, 'dober-body-s', 'heroics'),
(1, 'dober-body-s', 'power-prolonger'),
(1, 'dober-arms-s', 'dragon-attack'),
(1, 'dober-arms-s', 'power-prolonger'),
(1, 'dober-waist-s', 'dragon-attack'),
(2, 'dober-waist-s', 'attack-boost'),
(1, 'dober-legs-s', 'dragon-attack'),
(1, 'dober-legs-s', 'focus'),
(1, 'dober-legs-s', 'heroics'),
(1, 'jyuratodus-head-s', 'evade-extender'),
(1, 'jyuratodus-head-s', 'offensive-guard'),
(1, 'jyuratodus-body-s', 'evade-extender'),
(2, 'jyuratodus-body-s', 'power-prolonger'),
(1, 'jyuratodus-waist-s', 'guard-up'),
(1, 'jyuratodus-waist-s', 'offensive-guard'),
(1, 'jyuratodus-waist-s', 'power-prolonger');       
INSERT INTO "PUBLIC"."ARMOR_PIECE_SKILL" VALUES
(2, 'makluva-head-s', 'sleep-resistance'),
(3, 'makluva-body-s', 'water-attack'),
(1, 'makluva-arms-s', 'bubbly-dance'),
(1, 'makluva-arms-s', 'leap-of-faith'),
(1, 'makluva-waist-s', 'sleep-resistance'),
(1, 'makluva-legs-s', 'bubbly-dance'),
(1, 'makluva-legs-s', 'speed-eating'),
(1, 'medium-utsushi-v-head-s', 'free-meal'),
(1, 'medium-utsushi-v-head-s', 'good-luck'),
(1, 'medium-utsushi-v-head-s', 'speed-eating'),
(1, 'medium-utsushi-v-body-s', 'good-luck'),
(1, 'medium-utsushi-v-body-s', 'wide-range'),
(1, 'medium-utsushi-v-arms-s', 'wide-range'),
(1, 'medium-utsushi-v-waist-s', 'free-meal'),
(1, 'medium-utsushi-v-waist-s', 'speed-eating'),
(1, 'medium-utsushi-v-legs-s', 'free-meal'),
(1, 'medium-utsushi-v-legs-s', 'good-luck'),
(1, 'medium-utsushi-v-legs-s', 'wide-range'),
(2, 'melahoa-head-s', 'paralysis-resistance'),
(1, 'melahoa-body-s', 'recovery-up'),
(2, 'melahoa-body-s', 'botanist'),
(1, 'melahoa-arms-s', 'botanist'),
(1, 'melahoa-arms-s', 'paralysis-resistance'),
(1, 'melahoa-arms-s', 'recovery-up'),
(1, 'melahoa-waist-s', 'botanist'),
(1, 'melahoa-waist-s', 'recovery-speed'),
(1, 'melahoa-legs-s', 'recovery-up'),
(2, 'melahoa-legs-s', 'recovery-speed'),
(2, 'mosgharl-head-s', 'blast-resistance'),
(2, 'mosgharl-body-s', 'reload-speed'),
(1, 'mosgharl-arms-s', 'blast-resistance'),
(1, 'mosgharl-arms-s', 'flinch-free'),
(3, 'mosgharl-waist-s', 'fire-attack'),
(2, 'mosgharl-legs-s', 'recoil-down'),
(1, 'pukei-pukei-head-s', 'spare-shot'),
(1, 'pukei-pukei-head-s', 'special-ammo-boost'),
(1, 'pukei-pukei-body-s', 'special-ammo-boost'),
(2, 'pukei-pukei-body-s', 'constitution'),
(1, 'pukei-pukei-arms-s', 'spare-shot'),
(1, 'pukei-pukei-waist-s', 'spare-shot'),
(2, 'pukei-pukei-waist-s', 'poison-attack'),
(1, 'pukei-pukei-legs-s', 'constitution'),
(1, 'rathian-head-s', 'blight-resistance'),
(1, 'rathian-body-s', 'botanist'),
(1, 'rathian-body-s', 'recovery-up'),
(1, 'rathian-arms-s', 'blight-resistance'),
(1, 'rathian-arms-s', 'wide-range'),
(1, 'rathian-waist-s', 'wide-range'),
(2, 'rathian-waist-s', 'recovery-up'),
(1, 'rathian-legs-s', 'blight-resistance'),
(1, 'rathian-legs-s', 'free-meal'),
(2, 'remobra-head-s', 'windproof'),
(1, 'remobra-body-s', 'critical-boost'),
(1, 'remobra-arms-s', 'critical-element'),
(1, 'remobra-arms-s', 'windproof'),
(2, 'remobra-waist-s', 'critical-element'),
(1, 'remobra-legs-s', 'weakness-exploit'),
(1, 'shell-studded-body-s', 'normal-rapid-up'),
(1, 'shell-studded-body-s', 'pierce-up'),
(1, 'shell-studded-arms-s', 'normal-rapid-up'),
(1, 'shell-studded-arms-s', 'spread-up'),
(1, 'shell-studded-legs-s', 'pierce-up'),
(1, 'shell-studded-legs-s', 'spread-up'),
(1, 'skull-head-s', 'fortify'),
(1, 'somnacanth-head-s', 'sleep-attack'),
(1, 'somnacanth-body-s', 'item-prolonger'),
(1, 'somnacanth-body-s', 'sleep-attack'),
(1, 'somnacanth-arms-s', 'divine-blessing'),
(2, 'somnacanth-arms-s', 'bombardier'),
(1, 'somnacanth-waist-s', 'bombardier'),
(1, 'somnacanth-waist-s', 'sleep-attack'),
(2, 'somnacanth-legs-s', 'divine-blessing'),
(1, 'tobi-kadachi-head-s', 'constitution'),
(1, 'tobi-kadachi-head-s', 'critical-eye'),
(1, 'tobi-kadachi-head-s', 'jump-master'),
(1, 'tobi-kadachi-body-s', 'critical-eye'),
(1, 'tobi-kadachi-body-s', 'mind-s-eye'),
(3, 'tobi-kadachi-arms-s', 'constitution'),
(2, 'tobi-kadachi-waist-s', 'mind-s-eye'),
(1, 'tobi-kadachi-legs-s', 'constitution'),
(1, 'tobi-kadachi-legs-s', 'critical-eye'),
(3, 'uroktor-body-s', 'fire-attack'),
(2, 'uroktor-waist-s', 'fire-attack'),
(2, 'vaik-head-s', 'ammo-up'),
(2, 'vaik-arms-s', 'normal-rapid-up'),
(1, 'vaik-waist-s', 'normal-rapid-up'),
(1, 'vaik-legs-s', 'ammo-up'),
(2, 'almudron-head-s', 'rapid-morph'),
(1, 'almudron-body-s', 'power-prolonger'),
(2, 'almudron-body-s', 'razor-sharp'),
(1, 'almudron-arms-s', 'rapid-morph'),
(2, 'almudron-arms-s', 'evade-window'),
(1, 'almudron-waist-s', 'evade-window'),
(1, 'almudron-waist-s', 'power-prolonger'),
(1, 'almudron-legs-s', 'razor-sharp'),
(1, 'anjanath-head-s', 'focus'),
(1, 'anjanath-head-s', 'slugger'),
(1, 'anjanath-body-s', 'marathon-runner');              
INSERT INTO "PUBLIC"."ARMOR_PIECE_SKILL" VALUES
(2, 'anjanath-body-s', 'focus'),
(2, 'anjanath-arms-s', 'attack-boost'),
(2, 'anjanath-arms-s', 'slugger'),
(2, 'anjanath-waist-s', 'attack-boost'),
(2, 'anjanath-legs-s', 'marathon-runner'),
(2, 'brigade-head-s', 'botanist'),
(1, 'brigade-body-s', 'capture-master'),
(1, 'brigade-body-s', 'geologist'),
(1, 'diablos-head-s', 'guard'),
(1, 'diablos-head-s', 'stamina-surge'),
(1, 'diablos-body-s', 'offensive-guard'),
(2, 'diablos-body-s', 'guard'),
(1, 'diablos-arms-s', 'offensive-guard'),
(1, 'diablos-waist-s', 'guard'),
(1, 'diablos-waist-s', 'stamina-surge'),
(1, 'diablos-legs-s', 'guard'),
(1, 'diablos-legs-s', 'offensive-guard'),
(1, 'gargwa-head-s', 'good-luck'),
(1, 'gargwa-head-s', 'leap-of-faith'),
(1, 'goss-harag-head-s', 'agitator'),
(1, 'goss-harag-head-s', 'critical-draw'),
(1, 'goss-harag-body-s', 'critical-draw'),
(1, 'goss-harag-body-s', 'resentment'),
(1, 'goss-harag-arms-s', 'critical-draw'),
(1, 'goss-harag-arms-s', 'punishing-draw'),
(1, 'goss-harag-waist-s', 'punishing-draw'),
(1, 'goss-harag-waist-s', 'resentment'),
(1, 'goss-harag-legs-s', 'punishing-draw'),
(3, 'goss-harag-legs-s', 'agitator'),
(1, 'jelly-head-s', 'divine-blessing'),
(1, 'jelly-head-s', 'partbreaker'),
(2, 'jelly-body-s', 'blast-attack'),
(2, 'jelly-arms-s', 'divine-blessing'),
(2, 'jelly-waist-s', 'partbreaker'),
(1, 'jelly-legs-s', 'blast-attack'),
(1, 'magnamalo-head-s', 'flinch-free'),
(1, 'magnamalo-head-s', 'handicraft'),
(1, 'magnamalo-head-s', 'resentment'),
(1, 'magnamalo-body-s', 'hellfire-cloak'),
(1, 'magnamalo-body-s', 'resentment'),
(1, 'magnamalo-arms-s', 'hellfire-cloak'),
(2, 'magnamalo-arms-s', 'handicraft'),
(1, 'magnamalo-waist-s', 'hellfire-cloak'),
(1, 'magnamalo-legs-s', 'flinch-free'),
(1, 'magnamalo-legs-s', 'hellfire-cloak'),
(1, 'magnamalo-legs-s', 'resentment'),
(1, 'mighty-bow-feather-head-s', 'bow-charge-plus'),
(1, 'mizutsune-head-s', 'resuscitate'),
(1, 'mizutsune-body-s', 'bubbly-dance'),
(1, 'mizutsune-body-s', 'resuscitate'),
(1, 'mizutsune-arms-s', 'free-meal'),
(1, 'mizutsune-arms-s', 'resuscitate'),
(1, 'mizutsune-waist-s', 'bubbly-dance'),
(1, 'mizutsune-waist-s', 'free-meal'),
(1, 'mizutsune-legs-s', 'bubbly-dance'),
(1, 'nargacuga-head-s', 'evade-window'),
(1, 'nargacuga-body-s', 'evade-window'),
(2, 'nargacuga-body-s', 'critical-eye'),
(1, 'nargacuga-arms-s', 'evade-extender'),
(1, 'nargacuga-arms-s', 'evade-window'),
(1, 'nargacuga-waist-s', 'critical-eye'),
(2, 'nargacuga-waist-s', 'evade-extender'),
(1, 'nargacuga-legs-s', 'critical-eye'),
(2, 'nargacuga-legs-s', 'evade-window'),
(1, 'rakna-kadaki-head-s', 'reload-speed'),
(1, 'rakna-kadaki-head-s', 'spread-up'),
(1, 'rakna-kadaki-body-s', 'reload-speed'),
(1, 'rakna-kadaki-body-s', 'spread-up'),
(1, 'rakna-kadaki-arms-s', 'stamina-surge'),
(2, 'rakna-kadaki-arms-s', 'constitution'),
(1, 'rakna-kadaki-waist-s', 'spread-up'),
(2, 'rakna-kadaki-legs-s', 'constitution'),
(2, 'rakna-kadaki-legs-s', 'stamina-surge'),
(1, 'rathalos-head-s', 'attack-boost'),
(1, 'rathalos-head-s', 'partbreaker'),
(1, 'rathalos-body-s', 'attack-boost'),
(1, 'rathalos-body-s', 'partbreaker'),
(1, 'rathalos-body-s', 'windproof'),
(2, 'rathalos-arms-s', 'attack-boost'),
(1, 'rathalos-waist-s', 'windproof'),
(2, 'rathalos-waist-s', 'attack-boost'),
(1, 'rathalos-legs-s', 'attack-boost'),
(1, 'rathalos-legs-s', 'partbreaker'),
(2, 'rhopessa-aelucanth-head-s', 'critical-element'),
(1, 'rhopessa-aelucanth-body-s', 'critical-element'),
(1, 'rhopessa-aelucanth-body-s', 'dragon-attack'),
(2, 'rhopessa-aelucanth-body-s', 'critical-eye'),
(1, 'rhopessa-aelucanth-arms-s', 'evade-window'),
(3, 'rhopessa-aelucanth-waist-s', 'dragon-attack'),
(1, 'rhopessa-aelucanth-legs-s', 'dragon-attack'),
(2, 'rhopessa-aelucanth-legs-s', 'critical-eye'),
(1, 'tigrex-head-s', 'earplugs'),
(1, 'tigrex-head-s', 'speed-eating'),
(1, 'tigrex-body-s', 'bludgeoner'),
(2, 'tigrex-body-s', 'earplugs'),
(1, 'tigrex-arms-s', 'mind-s-eye'),
(2, 'tigrex-arms-s', 'bludgeoner'),
(2, 'tigrex-waist-s', 'earplugs'),
(1, 'tigrex-legs-s', 'mind-s-eye'),
(2, 'tigrex-legs-s', 'speed-eating');     
INSERT INTO "PUBLIC"."ARMOR_PIECE_SKILL" VALUES
(1, 'zinogre-head-s', 'latent-power'),
(1, 'zinogre-head-s', 'weakness-exploit'),
(1, 'zinogre-body-s', 'latent-power'),
(1, 'zinogre-body-s', 'weakness-exploit'),
(1, 'zinogre-arms-s', 'constitution'),
(1, 'zinogre-arms-s', 'latent-power'),
(1, 'zinogre-waist-s', 'latent-power'),
(1, 'zinogre-legs-s', 'latent-power'),
(2, 'zinogre-legs-s', 'constitution'),
(1, 'rajang-head-s', 'maximum-might'),
(2, 'rajang-head-s', 'heroics'),
(1, 'rajang-body-s', 'heroics'),
(1, 'rajang-body-s', 'latent-power'),
(1, 'rajang-body-s', 'maximum-might'),
(1, 'rajang-arms-s', 'heroics'),
(1, 'rajang-arms-s', 'latent-power'),
(1, 'rajang-waist-s', 'critical-boost'),
(1, 'rajang-waist-s', 'heroics'),
(1, 'rajang-waist-s', 'maximum-might'),
(1, 'rajang-legs-s', 'latent-power'),
(2, 'rajang-legs-s', 'critical-boost'),
(1, 'thunder-serpent-narwa-head-s', 'offensive-guard'),
(1, 'thunder-serpent-narwa-head-s', 'rapid-morph'),
(1, 'thunder-serpent-narwa-head-s', 'thunder-alignment'),
(1, 'thunder-serpent-narwa-body-s', 'constitution'),
(1, 'thunder-serpent-narwa-body-s', 'critical-draw'),
(1, 'thunder-serpent-narwa-body-s', 'thunder-alignment'),
(1, 'thunder-serpent-narwa-arms-s', 'guard'),
(1, 'thunder-serpent-narwa-arms-s', 'partbreaker'),
(1, 'thunder-serpent-narwa-arms-s', 'thunder-alignment'),
(1, 'thunder-serpent-narwa-waist-s', 'artillery'),
(1, 'thunder-serpent-narwa-waist-s', 'guard'),
(1, 'thunder-serpent-narwa-waist-s', 'thunder-alignment'),
(1, 'thunder-serpent-narwa-legs-s', 'evade-window'),
(1, 'thunder-serpent-narwa-legs-s', 'marathon-runner'),
(1, 'thunder-serpent-narwa-legs-s', 'thunder-alignment'),
(1, 'wind-serpent-ibushi-head-s', 'evade-extender'),
(1, 'wind-serpent-ibushi-head-s', 'focus'),
(1, 'wind-serpent-ibushi-head-s', 'wind-alignment'),
(1, 'wind-serpent-ibushi-body-s', 'flinch-free'),
(1, 'wind-serpent-ibushi-body-s', 'guard'),
(1, 'wind-serpent-ibushi-body-s', 'wind-alignment'),
(1, 'wind-serpent-ibushi-arms-s', 'constitution'),
(1, 'wind-serpent-ibushi-arms-s', 'stamina-surge'),
(1, 'wind-serpent-ibushi-arms-s', 'wind-alignment'),
(1, 'wind-serpent-ibushi-waist-s', 'evade-window'),
(1, 'wind-serpent-ibushi-waist-s', 'power-prolonger'),
(1, 'wind-serpent-ibushi-waist-s', 'wind-alignment'),
(1, 'wind-serpent-ibushi-legs-s', 'guard-up'),
(1, 'wind-serpent-ibushi-legs-s', 'slugger'),
(1, 'wind-serpent-ibushi-legs-s', 'wind-alignment'),
(2, 'jyuratodus-legs-s', 'guard-up'),
(1, 'pukei-pukei-arms-s', 'ballistics'),
(1, 'pukei-pukei-legs-s', 'ballistics'),
(1, 'shell-studded-waist-lr', 'ballistics'),
(1, 'shell-studded-waist-s', 'ballistics'),
(2, 'shell-studded-head-s', 'ballistics'),
(1, 'bazelgeuse-head-s', 'artillery'),
(1, 'bazelgeuse-head-s', 'guard'),
(1, 'bazelgeuse-body-s', 'agitator'),
(2, 'bazelgeuse-body-s', 'guard-up'),
(1, 'bazelgeuse-arms-s', 'guard-up'),
(1, 'bazelgeuse-arms-s', 'load-shells'),
(1, 'bazelgeuse-waist-s', 'guard'),
(1, 'bazelgeuse-waist-s', 'load-shells'),
(1, 'bazelgeuse-legs-s', 'guard'),
(2, 'bazelgeuse-legs-s', 'artillery'),
(2, 'damascus-head-s', 'earplugs'),
(2, 'damascus-head-s', 'tremor-resistance'),
(1, 'damascus-body-s', 'handicraft'),
(1, 'damascus-body-s', 'tremor-resistance'),
(1, 'damascus-arms-s', 'earplugs'),
(1, 'damascus-waist-s', 'earplugs'),
(1, 'damascus-waist-s', 'handicraft'),
(2, 'damascus-legs-s', 'handicraft'),
(2, 'chameleos-head-s', 'ballistics'),
(2, 'chameleos-head-s', 'evade-window'),
(2, 'chameleos-head-s', 'mind-s-eye'),
(1, 'chameleos-body-s', 'ballistics'),
(1, 'chameleos-body-s', 'mind-s-eye'),
(1, 'chameleos-body-s', 'poison-attack'),
(1, 'chameleos-arms-s', 'evade-window'),
(1, 'chameleos-arms-s', 'poison-attack'),
(1, 'chameleos-waist-s', 'poison-attack'),
(2, 'chameleos-waist-s', 'peak-performance'),
(1, 'chameleos-legs-s', 'evade-window'),
(2, 'kushala-daora-head-s', 'handicraft'),
(2, 'kushala-daora-head-s', 'normal-rapid-up'),
(1, 'kushala-daora-body-s', 'diversion'),
(1, 'kushala-daora-body-s', 'recovery-speed'),
(1, 'kushala-daora-arms-s', 'recovery-speed'),
(2, 'kushala-daora-arms-s', 'agitator'),
(1, 'kushala-daora-waist-s', 'handicraft');        
INSERT INTO "PUBLIC"."ARMOR_PIECE_SKILL" VALUES
(1, 'kushala-daora-waist-s', 'pierce-up'),
(1, 'kushala-daora-waist-s', 'recovery-speed'),
(1, 'kushala-daora-legs-s', 'handicraft'),
(1, 'kushala-daora-legs-s', 'pierce-up'),
(1, 'teostra-head-s', 'critical-boost'),
(3, 'teostra-head-s', 'critical-eye'),
(1, 'teostra-body-s', 'critical-eye'),
(1, 'teostra-arms-s', 'critical-boost'),
(1, 'teostra-arms-s', 'critical-eye'),
(1, 'teostra-waist-s', 'critical-eye'),
(1, 'chameleos-body-s', 'chameleos-blessing'),
(1, 'chameleos-arms-s', 'chameleos-blessing'),
(1, 'chameleos-waist-s', 'chameleos-blessing'),
(1, 'chameleos-legs-s', 'chameleos-blessing'),
(1, 'kushala-daora-body-s', 'kushala-blessing'),
(1, 'kushala-daora-arms-s', 'kushala-blessing'),
(1, 'kushala-daora-waist-s', 'kushala-blessing'),
(1, 'kushala-daora-legs-s', 'kushala-blessing'),
(1, 'teostra-body-s', 'master-s-touch'),
(1, 'teostra-body-s', 'teostra-blessing'),
(1, 'teostra-arms-s', 'teostra-blessing'),
(1, 'teostra-waist-s', 'teostra-blessing'),
(1, 'teostra-legs-s', 'master-s-touch'),
(1, 'teostra-legs-s', 'teostra-blessing'),
(4, 'flame-seal-head-s', 'critical-eye'),
(1, 'feather-of-mastery-head-s', 'carving-master');  
CREATE CACHED TABLE "PUBLIC"."JEWEL"(
    "ID" VARCHAR NOT NULL,
    "JEWEL_LEVEL" INT DEFAULT 1 NOT NULL CHECK (("JEWEL_LEVEL" >= 1)
    AND ("JEWEL_LEVEL" <= 4)),
    "NAME" VARCHAR NOT NULL,
    "RARITY" INT DEFAULT 1 NOT NULL CHECK ("RARITY" >= 1)
); 
ALTER TABLE "PUBLIC"."JEWEL" ADD CONSTRAINT "PUBLIC"."CONSTRAINT_43" PRIMARY KEY("ID");        
-- 0 +/- SELECT COUNT(*) FROM PUBLIC.JEWEL;    
CREATE CACHED TABLE "PUBLIC"."JEWEL_SKILL"(
    "SKILL_LEVEL" INTEGER NOT NULL CHECK (("SKILL_LEVEL" <= 7)
    AND ("SKILL_LEVEL" >= 1)),
    "JEWEL_ID" VARCHAR NOT NULL,
    "SKILL_ID" VARCHAR NOT NULL
);  
ALTER TABLE "PUBLIC"."JEWEL_SKILL" ADD CONSTRAINT "PUBLIC"."CONSTRAINT_A" PRIMARY KEY("JEWEL_ID", "SKILL_ID"); 
-- 0 +/- SELECT COUNT(*) FROM PUBLIC.JEWEL_SKILL;              
CREATE CACHED TABLE "PUBLIC"."SET_BONUS"(
    "ID" VARCHAR NOT NULL,
    "NAME" VARCHAR NOT NULL
);            
ALTER TABLE "PUBLIC"."SET_BONUS" ADD CONSTRAINT "PUBLIC"."CONSTRAINT_1" PRIMARY KEY("ID");     
-- 0 +/- SELECT COUNT(*) FROM PUBLIC.SET_BONUS;
CREATE CACHED TABLE "PUBLIC"."SET_BONUS_ARMOR_PIECES"(
    "SET_BONUS_ID" VARCHAR NOT NULL,
    "ARMOR_PIECES_ID" VARCHAR NOT NULL
);          
-- 0 +/- SELECT COUNT(*) FROM PUBLIC.SET_BONUS_ARMOR_PIECES;   
CREATE CACHED TABLE "PUBLIC"."SET_BONUS_SKILL"(
    "REQUIRED_PIECES" INTEGER NOT NULL CHECK (("REQUIRED_PIECES" >= 1)
    AND ("REQUIRED_PIECES" <= 5)),
    "SKILL_LEVEL" INTEGER NOT NULL CHECK (("SKILL_LEVEL" <= 7)
    AND ("SKILL_LEVEL" >= 1)),
    "SET_BONUS_ID" VARCHAR NOT NULL,
    "SKILL_ID" VARCHAR NOT NULL
);
ALTER TABLE "PUBLIC"."SET_BONUS_SKILL" ADD CONSTRAINT "PUBLIC"."CONSTRAINT_5" PRIMARY KEY("SET_BONUS_ID", "SKILL_ID");         
-- 0 +/- SELECT COUNT(*) FROM PUBLIC.SET_BONUS_SKILL;          
CREATE CACHED TABLE "PUBLIC"."SKILL"(
    "ID" VARCHAR NOT NULL,
    "DESCRIPTION" VARCHAR NOT NULL,
    "MAX_LEVEL" INTEGER NOT NULL CHECK (("MAX_LEVEL" <= 7)
    AND ("MAX_LEVEL" >= 1)),
    "MAX_UNCAPPED_LEVEL" INTEGER CHECK (("MAX_UNCAPPED_LEVEL" >= 1)
    AND ("MAX_UNCAPPED_LEVEL" <= 7)),
    "NAME" VARCHAR NOT NULL
);          
ALTER TABLE "PUBLIC"."SKILL" ADD CONSTRAINT "PUBLIC"."CONSTRAINT_4B" PRIMARY KEY("ID");        
-- 109 +/- SELECT COUNT(*) FROM PUBLIC.SKILL;  
INSERT INTO "PUBLIC"."SKILL" VALUES
('attack-boost', 'Increases attack power.', 7, 7, 'Attack Boost'),
('agitator', 'Increases attack power and affinity when large monsters become enraged.', 5, 5, 'Agitator'),
('resentment', 'Increases attack when you have recoverable damage (the red portion of your health gauge).', 5, NULL, 'Resentment'),
('peak-performance', 'Increases attack when your health is full.', 3, 3, 'Peak Performance'),
('resuscitate', 'Increases attack power when you are suffering from an abnormal status.', 3, 3, 'Resuscitate'),
('critical-eye', 'Increases affinity.', 7, 7, 'Critical Eye'),
('critical-boost', 'Increases the damage of critical hits.', 3, 3, 'Critical Boost'),
('weakness-exploit', 'Increases the affinity of attacks that exploit a monster weak spot.', 3, 3, 'Weakness Exploit'),
('latent-power', 'Temporarily increases affinity and reduces stamina depletion when certain conditions are met.', 5, 5, 'Latent Power'),
('maximum-might', 'Increases affinity if stamina is kept full for a period of time.', 3, 3, 'Maximum Might'),
('critical-element', 'Increases elemental damage (fire, water, thunder, ice, dragon) when landing critical hits.', 3, 3, 'Critical Element'),
('fire-attack', 'Increases fire element attack power. (Elemental attack power has a maximum limit.)', 5, 5, 'Fire Attack'),
('water-attack', 'Increases water element attack power. (Elemental attack power has a maximum limit.)', 5, 5, 'Water Attack'),
('ice-attack', 'Increases ice element attack power. (Elemental attack power has a maximum limit.)', 5, 5, 'Ice Attack'),
('thunder-attack', 'Increases thunder element attack power. (Elemental attack power has a maximum limit.)', 5, 5, 'Thunder Attack'),
('dragon-attack', 'Increases dragon element attack power. (Elemental attack power has a maximum limit.)', 5, 5, 'Dragon Attack'),
('poison-attack', 'Increases poison element attack power. (Elemental attack power has a maximum limit.)', 3, 3, 'Poison Attack'),
('paralysis-attack', 'Increases paralysis element attack power. (Elemental attack power has a maximum limit.)', 3, 3, 'Paralysis Attack'),
('sleep-attack', 'Increases sleep element attack power. (Elemental attack power has a maximum limit.)', 3, 3, 'Sleep Attack'),
('blast-attack', 'Increases blast element attack power. (Elemental attack power has a maximum limit.)', 3, 3, 'Blast Attack'),
('handicraft', 'Extends the weapon sharpness gauge. However, it will not increase the gauge past its maximum.', 5, 5, 'Handicraft'),
('razor-sharp', 'Prevents your weapon from losing sharpness.', 3, 3, 'Razor Sharp'),
('spare-shot', 'Bow and bowgun shots have a chance not to expend coatings or ammo.', 3, 3, 'Spare Shot'),
('protective-polish', 'Weapon sharpness does not decrease for a set time after sharpening.', 3, 3, 'Protective Polish'),
('mind-s-eye', 'Your attacks are deflected less and deal more damage to hard targets.', 3, 3, 'Mind''s Eye'),
('bludgeoner', 'Increases attack power when your weapon sharpness is low.', 3, 3, 'Bludgeoner'),
('bow-charge-plus', 'Increases max bow charge level by one.', 1, 1, 'Bow Charge Plus'),
('focus', 'Increases the fill rate for weapons with gauges and the charge rate for weapons with charge attacks.', 3, 3, 'Focus'),
('power-prolonger', 'Long swords, dual blades, insect glaives, switch axes, and charge blades stay powered up longer.', 3, 3, 'Power Prolonger'),
('marathon-runner', 'Slows down stamina depletion for actions which continuously drain stamina (such as dashing).', 3, 3, 'Marathon Runner'),
('constitution', 'Reduces stamina depletion when evading, blocking, or doing certain other actions.', 5, 5, 'Constitution'),
('stamina-surge', 'Speeds up stamina recovery.', 3, 3, 'Stamina Surge'),
('guard', 'Reduces knockbacks and stamina depletion when guarding.', 5, 5, 'Guard'),
('guard-up', 'Allows you to guard against ordinarily unblockable attacks.', 3, 3, 'Guard Up'),
('offensive-guard', 'Temporarily increases attack power after executing a perfectly-timed guard.', 3, 3, 'Offensive Guard'),
('critical-draw', 'Increases affinity for a short time after performing a draw attack. (Does not include Silkbind attacks.)', 3, 3, 'Critical Draw');  
INSERT INTO "PUBLIC"."SKILL" VALUES
('punishing-draw', 'Adds a stun effect to draw attacks and slightly increases attack power. (Does not include Silkbind attacks.)', 3, 3, 'Punishing Draw'),
('quick-sheath', 'Speeds up weapon sheathing.', 3, 3, 'Quick Sheath'),
('slugger', 'Makes it easier to stun monsters.', 3, 3, 'Slugger'),
('stamina-thief', 'Increases certain attacks'' ability to exhaust monsters.', 3, 3, 'Stamina Thief'),
('affinity-sliding', 'Sliding increases your affinity for a short time.', 1, 1, 'Affinity Sliding'),
('horn-maestro', 'Increases overall performance speed and shockwave damage.', 1, 1, 'Horn Maestro'),
('artillery', 'Strengthens explosive attacks like shells, Wyvern''s Fire, charge blade phial attacks, and Sticky Ammo.', 3, 3, 'Artillery'),
('load-shells', 'Improves reloading, and increases the gunlance''s shell capacity and charge blade''s phial capacity.', 2, 2, 'Load Shells'),
('special-ammo-boost', 'Increases the power of bowgun special ammo and Dragon Piercer.', 2, 2, 'Special Ammo Boost'),
('normal-rapid-up', 'Increases the attack power of Normal Ammo and Rapid-type arrows.', 3, 3, 'Normal/Rapid Up'),
('pierce-up', 'Increases the attack power of Piercing Ammo and Piercing-type arrows.', 3, 3, 'Pierce Up'),
('spread-up', 'Increases the attack power of Spread Ammo and Spread- type arrows', 3, 3, 'Spread Up'),
('ammo-up', 'Increases bowgun loading capacity. (There is a cap to loading capacity.)', 3, 3, 'Ammo Up'),
('reload-speed', 'Increases bowgun reloading and bow coating loading speed.', 3, 3, 'Reload Speed'),
('recoil-down', 'Reduces recoil when firing bowgun ammo.', 3, 3, 'Recoil Down'),
('steadiness', 'Suppresses the deviation of bowgun shots.', 2, 2, 'Steadiness'),
('rapid-fire-up', 'Improves light bowgun rapid fire.', 3, 3, 'Rapid Fire Up'),
('defense-boost', 'Increases defense. Resistances will also improve as the level increases.', 7, 7, 'Defense Boost'),
('divine-blessing', 'Has a predetermined chance of reducing the damage you take.', 3, 3, 'Divine Blessing'),
('recovery-up', 'Increases the amount recovered when restoring health.', 3, 3, 'Recovery Up'),
('recovery-speed', 'Speeds healing of recoverable damage (the red portion of the health gauge).', 3, 3, 'Recovery Speed'),
('speed-eating', 'Increases meat-eating and item-consumption speed.', 3, 3, 'Speed Eating'),
('earplugs', 'Grants protection from large monsters'' roars.', 5, 5, 'Earplugs'),
('windproof', 'Grants protection against wind pressure.', 3, 3, 'Windproof'),
('tremor-resistance', 'Grants protection against ground tremors.', 3, 3, 'Tremor Resistance'),
('bubbly-dance', 'Reduces bubbleblight and grants increased evasion when afflicted.', 3, 3, 'Bubbly Dance'),
('evade-window', 'Extends the invulnerability period when evading.', 5, 5, 'Evade Window'),
('evade-extender', 'Increases evade distance.', 3, 3, 'Evade Extender'),
('fire-resistance', 'Increases fire resistance. Also improves defense at higher levels.', 3, 3, 'Fire Resistance'),
('water-resistance', 'Increases water resistance. Also improves defense at higher levels.', 3, 3, 'Water Resistance'),
('ice-resistance', 'Increases ice resistance. Also improves defense at higher levels.', 3, 3, 'Ice Resistance'),
('thunder-resistance', 'Increases thunder resistance. Also improves defense at higher levels.', 3, 3, 'Thunder Resistance'),
('dragon-resistance', 'Increases dragon resistance. Also improves defense at higher levels.', 3, 3, 'Dragon Resistance'),
('blight-resistance', 'Grants protection against all elemental blights.', 3, 3, 'Blight Resistance'),
('poison-resistance', 'Reduces damage while poisoned.', 3, 3, 'Poison Resistance'),
('paralysis-resistance', 'Reduces the duration of paralysis.', 3, 3, 'Paralysis Resistance'),
('sleep-resistance', 'Reduces the duration of sleep.', 3, 3, 'Sleep Resistance'),
('stun-resistance', 'Reduces stun duration.', 3, 3, 'Stun Resistance'),
('muck-resistance', 'Reduces impairments to mobility while stuck in monster muck or deep snow.', 2, 2, 'Muck Resistance'),
('blast-resistance', 'Grants protection against blastblight.', 3, 3, 'Blast Resistance');            
INSERT INTO "PUBLIC"."SKILL" VALUES
('botanist', 'Increases the quantity of herbs and other consumable items you gather.', 4, 4, 'Botanist'),
('geologist', 'Increases the number of times you can use a gathering point.', 3, 3, 'Geologist'),
('partbreaker', 'Makes it easier to break or sever parts of large monsters.', 3, 3, 'Partbreaker'),
('capture-master', 'High chance of increased capture rewards. (No effect when joining mid-quest.)', 1, 1, 'Capture Master'),
('good-luck', 'Good chance of increased quest rewards. (No effect when joining mid-quest.)', 3, 3, 'Good Luck'),
('speed-sharpening', 'Speeds up weapon sharpening when using a whetstone.', 3, 3, 'Speed Sharpening'),
('bombardier', 'Increases the damage of explosive items.', 3, 3, 'Bombardier'),
('mushroomancer', 'Lets you digest mushrooms that would otherwise be inedible and gain their advantageous effects.', 3, 3, 'Mushroomancer'),
('item-prolonger', 'Extends the duration of some item effects.', 3, 3, 'Item Prolonger'),
('wide-range', 'Allows the effects of certain items to also affect nearby allies.', 5, 5, 'Wide-Range'),
('free-meal', 'Gives you a predetermined chance of consuming a food or drink item for free.', 3, 3, 'Free Meal'),
('heroics', 'Increases attack power and defense when health drops to 35% or lower.', 5, 5, 'Heroics'),
('fortify', 'Increases your attack and defense when you fall in battle. (Disabled for some quests. Can stack twice.)', 1, 1, 'Fortify'),
('flinch-free', 'Prevents knockbacks and other reactions to small damage.', 3, 3, 'Flinch Free'),
('jump-master', 'Prevents attacks from knocking you back during a jump.', 1, 1, 'Jump Master'),
('carving-pro', 'Prevents knockback from attacks while carving.', 1, 1, 'Carving Pro'),
('hunger-resistance', 'Reduces maximum stamina depletion over time.', 3, 3, 'Hunger Resistance'),
('leap-of-faith', 'Allows you to do a dive-evade when facing towards large monsters, and extends the dive-evade distance.', 1, 1, 'Leap of Faith'),
('diversion', 'Increases the attention drawn when attacking a monster.', 1, 1, 'Diversion'),
('master-mounter', 'Improves your Wyvern Riding skills.', 1, 1, 'Master Mounter'),
('wirebug-whisperer', 'Improves your handling of Wirebugs.', 3, 3, 'Wirebug Whisperer'),
('wall-runner', 'Reduces stamina consumption when running on walls.', 3, 3, 'Wall Runner'),
('counterstrike', 'Temporarily increases attack power after being thrown off.', 3, 3, 'Counterstrike'),
('rapid-morph', 'Increases switch speed and power for switch axes and charge blades.', 3, 3, 'Rapid Morph'),
('hellfire-cloak', 'Grants hellfire resistance and confers explosive hellfire power to your attacks.', 4, 4, 'Hellfire Cloak'),
('wind-alignment', 'Gain the power of the elder dragon Wind Serpent Ibushi.', 5, 5, 'Wind Alignment'),
('thunder-alignment', 'Gain the power of the elder dragon Thunder Serpent Narwa.', 5, 5, 'Thunder Alignment'),
('ballistics', 'Shortens the distance before ammo and arrows reach maximum power.', 3, 3, 'Ballistics'),
('master-s-touch', 'Increases elemental damage (fire, water, thunder, ice, dragon) when landing critical hits.', 3, 3, 'Master''s Touch'),
('chameleos-blessing', 'Gain the power of the elder dragon Chameleos.', 4, 4, 'Chameleos Blessing'),
('kushala-blessing', 'Gain the power of the elder dragon Kushala Daora.', 4, 4, 'Kushala Blessing'),
('teostra-blessing', 'Gain the power of the elder dragon Teostra.', 4, 4, 'Teostra Blessing'),
('carving-master', 'Lets you carve one additional time. (No effect when joining mid-quest.)', 1, 1, 'Carving Master'); 
CREATE CACHED TABLE "PUBLIC"."SKILL_EFFECT"(
    "SKILL_ID" VARCHAR NOT NULL,
    "EFFECT" VARCHAR NOT NULL,
    "SKILL_LEVEL" INTEGER NOT NULL
);             
ALTER TABLE "PUBLIC"."SKILL_EFFECT" ADD CONSTRAINT "PUBLIC"."CONSTRAINT_B" PRIMARY KEY("SKILL_ID", "SKILL_LEVEL");             
-- 352 +/- SELECT COUNT(*) FROM PUBLIC.SKILL_EFFECT;           
INSERT INTO "PUBLIC"."SKILL_EFFECT" VALUES
('attack-boost', 'Attack +3', 1),
('attack-boost', 'Attack +6', 2),
('attack-boost', 'Attack +9', 3),
('attack-boost', 'Attack +5% Bonus: +7', 4),
('attack-boost', 'Attack +6% Bonus: +8', 5),
('attack-boost', 'Attack +8% Bonus: +9', 6),
('attack-boost', 'Attack +10% Bonus: +10', 7),
('agitator', 'Attack +4 and affinity +3% while active.', 1),
('agitator', 'Attack +8 and affinity +5% while active.', 2),
('agitator', 'Attack +12 and affinity +7% while active.', 3),
('agitator', 'Attack +16 and affinity +10% while active.', 4),
('agitator', 'Attack +20 and affinity +15% while active.', 5),
('resentment', 'Attack +5 while active.', 1),
('resentment', 'Attack +10 while active.', 2),
('resentment', 'Attack +15 while active.', 3),
('resentment', 'Attack +20 while active.', 4),
('resentment', 'Attack +25 while active.', 5),
('peak-performance', 'Attack +5 while active.', 1),
('peak-performance', 'Attack +10 while active.', 2),
('peak-performance', 'Attack +20 while active.', 3),
('resuscitate', 'Attack +5 while active.', 1),
('resuscitate', 'Attack +10 while active.', 2),
('resuscitate', 'Attack +20 while active.', 3),
('critical-eye', 'Affinity +5%', 1),
('critical-eye', 'Affinity +10%', 2),
('critical-eye', 'Affinity +15%', 3),
('critical-eye', 'Affinity +20%', 4),
('critical-eye', 'Affinity +25%', 5),
('critical-eye', 'Affinity +30%', 6),
('critical-eye', 'Affinity +40%', 7),
('critical-boost', 'Increases damage dealt by critical hits to 30%.', 1),
('critical-boost', 'Increases damage dealt by critical hits to 35%.', 2),
('critical-boost', 'Increases damage dealt by critical hits to 40%.', 3),
('weakness-exploit', 'Attacks that hit weak spots have 15% increased affinity.', 1),
('weakness-exploit', 'Attacks that hit weak spots have 30% increased affinity.', 2),
('weakness-exploit', 'Attacks that hit weak spots have 50% increased affinity.', 3),
('latent-power', 'While active, increases affinity by 10% and reduces stamina depletion by 30%.', 1),
('latent-power', 'While active, increases affinity by 20% and reduces stamina depletion by 30%.', 2),
('latent-power', 'While active, increases affinity by 30% and reduces stamina depletion by 50%.', 3),
('latent-power', 'While active, increases affinity by 40% and reduces stamina depletion by 50%.', 4),
('latent-power', 'While active, increases affinity by 50% and reduces stamina depletion by 50%.', 5),
('maximum-might', 'While active, increases affinity by 10%.', 1),
('maximum-might', 'While active, increases affinity by 20%.', 2),
('maximum-might', 'While active, increases affinity by 30%.', 3),
('critical-element', 'Grants elemental damage +5% while active.', 1),
('critical-element', 'Grants elemental damage +10% while active.', 2),
('critical-element', 'Grants elemental damage +15% while active.', 3),
('fire-attack', 'Fire attack +2', 1),
('fire-attack', 'Fire attack +3', 2),
('fire-attack', 'Fire attack +5% Bonus: +4', 3),
('fire-attack', 'Fire attack +10% Bonus: +4', 4),
('fire-attack', 'Fire attack +20% Bonus: +4', 5),
('water-attack', 'Water attack +2', 1),
('water-attack', 'Water attack +3', 2),
('water-attack', 'Water attack +5% Bonus: +4', 3),
('water-attack', 'Water attack +10% Bonus: +4', 4),
('water-attack', 'Water attack +20% Bonus: +4', 5),
('ice-attack', 'Ice attack +2', 1),
('ice-attack', 'Ice attack +3', 2),
('ice-attack', 'Ice attack +5% Bonus: +4', 3),
('ice-attack', 'Ice attack +10% Bonus: +4', 4),
('ice-attack', 'Ice attack +20% Bonus: +4', 5),
('thunder-attack', 'Thunder attack +2', 1),
('thunder-attack', 'Thunder attack +3', 2),
('thunder-attack', 'Thunder attack +5% Bonus: +4', 3),
('thunder-attack', 'Thunder attack +10% Bonus: +4', 4),
('thunder-attack', 'Thunder attack +20% Bonus: +4', 5),
('dragon-attack', 'Dragon attack +2', 1),
('dragon-attack', 'Dragon attack +3', 2),
('dragon-attack', 'Dragon attack +5% Bonus: +4', 3),
('dragon-attack', 'Dragon attack +10% Bonus: +4', 4),
('dragon-attack', 'Dragon attack +20% Bonus: +4', 5),
('poison-attack', 'Poison buildup +5% Bonus: +1', 1),
('poison-attack', 'Poison buildup +10% Bonus: +2', 2);          
INSERT INTO "PUBLIC"."SKILL_EFFECT" VALUES
('poison-attack', 'Poison buildup +20% Bonus: +5', 3),
('paralysis-attack', 'Paralysis buildup +5% Bonus: +1', 1),
('paralysis-attack', 'Paralysis buildup +10% Bonus: +2', 2),
('paralysis-attack', 'Paralysis buildup +20% Bonus: +5', 3),
('sleep-attack', 'Sleep buildup +5% Bonus: +1', 1),
('sleep-attack', 'Sleep buildup +10% Bonus: +2', 2),
('sleep-attack', 'Sleep buildup +20% Bonus: +5', 3),
('blast-attack', 'Blast buildup +5% Bonus: +1', 1),
('blast-attack', 'Blast buildup +10% Bonus: +2', 2),
('blast-attack', 'Blast buildup +20% Bonus: +5', 3),
('handicraft', 'Weapon sharpness +10', 1),
('handicraft', 'Weapon sharpness +20', 2),
('handicraft', 'Weapon sharpness +30', 3),
('handicraft', 'Weapon sharpness +40', 4),
('handicraft', 'Weapon sharpness +50', 5),
('razor-sharp', 'Activates 10% of the time.', 1),
('razor-sharp', 'Activates 25% of the time.', 2),
('razor-sharp', 'Activates 50% of the time.', 3),
('spare-shot', 'Activates 3% of the time.', 1),
('spare-shot', 'Activates 10% of the time.', 2),
('spare-shot', 'Activates 20% of the time.', 3),
('protective-polish', 'Effect lasts 30 seconds.', 1),
('protective-polish', 'Effect lasts 60 seconds.', 2),
('protective-polish', 'Effect lasts 90 seconds.', 3),
('mind-s-eye', '+10% damage to hard targets and a 50% reduction to your attacks being deflected.', 1),
('mind-s-eye', '+15% damage to hard targets and a 100% reduction to your attacks being deflected.', 2),
('mind-s-eye', '+30% damage to hard targets and a 100% reduction to your attacks being deflected.', 3),
('bludgeoner', '+5% attack power when your weapon sharpness gauge is yellow or lower.', 1),
('bludgeoner', '+10% attack power when your sharpness gauge is yellow or lower.', 2),
('bludgeoner', '+10% attack power when your sharpness gauge is green or lower.', 3),
('bow-charge-plus', 'Activates skill effect.', 1),
('focus', '5% faster gauge fill rate and 5% faster charge times.', 1),
('focus', '10% faster gauge fill rate and 10% faster charge times.', 2),
('focus', '20% faster gauge fill rate and 15% faster charge times.', 3),
('power-prolonger', 'Slightly boosts the duration weapons are powered up.', 1),
('power-prolonger', 'Boosts the duration weapons are powered up.', 2),
('power-prolonger', 'Greatly boosts the duration weapons are powered up.', 3),
('marathon-runner', 'Reduces continuous stamina depletion by 15%.', 1),
('marathon-runner', 'Reduces continuous stamina depletion by 30%.', 2),
('marathon-runner', 'Reduces continuous stamina depletion by 50%.', 3),
('constitution', 'Reduces fixed stamina depletion by 10%.', 1),
('constitution', 'Reduces fixed stamina depletion by 20%.', 2),
('constitution', 'Reduces fixed stamina depletion by 30%.', 3),
('constitution', 'Reduces fixed stamina depletion by 40%.', 4),
('constitution', 'Reduces fixed stamina depletion by 50%.', 5),
('stamina-surge', 'Stamina recovery speed +10%', 1),
('stamina-surge', 'Stamina recovery speed +20%', 2),
('stamina-surge', 'Stamina recovery speed +40%', 3),
('guard', 'Very slightly decreases the impact of attacks.', 1),
('guard', 'Slightly decreases the impact of attacks and reduces stamina depletion by 15%.', 2),
('guard', 'Decreases the impact of attacks and reduces stamina depletion by 15%.', 3),
('guard', 'Decreases the impact of attacks and reduces stamina depletion by 30%.', 4),
('guard', 'Greatly decreases the impact of attacks and reduces stamina depletion by 30%.', 5),
('guard-up', 'Reduces damage taken by 30%.', 1),
('guard-up', 'Reduces damage taken by 50%.', 2),
('guard-up', 'Reduces damage taken by 80%.', 3),
('offensive-guard', 'Attack +5% while active.', 1),
('offensive-guard', 'Attack +10% while active.', 2),
('offensive-guard', 'Attack +15% while active.', 3),
('critical-draw', 'Affinity +10%', 1),
('critical-draw', 'Affinity +20%', 2),
('critical-draw', 'Affinity +40%', 3),
('punishing-draw', 'Applies a minor chance to stun. Attack power of draw attacks +3', 1),
('punishing-draw', 'Applies a chance to stun. Attack power of draw attacks +5', 2),
('punishing-draw', 'Applies a great chance to stun. Attack power of draw attacks +7', 3);         
INSERT INTO "PUBLIC"."SKILL_EFFECT" VALUES
('quick-sheath', 'Slightly increases sheathing speed.', 1),
('quick-sheath', 'Moderately increases sheathing speed.', 2),
('quick-sheath', 'Greatly increases sheathing speed.', 3),
('slugger', 'Stun power +20%', 1),
('slugger', 'Stun power +30%', 2),
('slugger', 'Stun power +40%', 3),
('stamina-thief', 'Exhaust power +20%', 1),
('stamina-thief', 'Exhaust power +30%', 2),
('stamina-thief', 'Exhaust power +40%', 3),
('affinity-sliding', 'Enables skill use.', 1),
('horn-maestro', 'Activates skill effect.', 1),
('artillery', 'Increases power of each attack by 10% and reduces Wyvern''s Fire cooldown by 15%.', 1),
('artillery', 'Increases power of each attack by 20% and reduces Wyvern''s Fire cooldown by 30%.', 2),
('artillery', 'Increases power of each attack by 30% and reduces Wyvern''s Fire cooldown by 50%.', 3),
('load-shells', 'Increases ammo and coating reloading speed.', 1),
('load-shells', 'Gunlance loading capacity +1 Increases charge blade phials', 2),
('special-ammo-boost', 'Increases power of bowgun special ammo and Dragon Piercer by 10%.', 1),
('special-ammo-boost', 'Increases power of bowgun special ammo and Dragon Piercer by 20%.', 2),
('normal-rapid-up', 'Slightly increases the power of Normal Ammo and Rapid-type arrows.', 1),
('normal-rapid-up', 'Increases the power of Normal Ammo and Rapid-type arrows.', 2),
('normal-rapid-up', 'Greatly increases the power of Normal Ammo and Rapid-type arrows.', 3),
('pierce-up', 'Slightly increases the power of Piercing Ammo and Piercing-type arrows.', 1),
('pierce-up', 'Increases the power of Piercing Ammo and Piercing-type arrows.', 2),
('pierce-up', 'Greatly increases the power of Piercing Ammo and Piercing-type arrows.', 3),
('spread-up', 'Slightly increases the power of Spread Ammo, Shrapnel Ammo, and Spread-type arrows.', 1),
('spread-up', 'Increases the power of Spread Ammo, Shrapnel Ammo, and Spread-type arrows.', 2),
('spread-up', 'Greatly increases the power of Spread Ammo, Shrapnel Ammo, and Spread-type arrows.', 3),
('ammo-up', 'Expands clip size for some ammo types.', 1),
('ammo-up', 'Expands clip size for many ammo types.', 2),
('ammo-up', 'Expands clip size for most ammo types.', 3),
('reload-speed', 'Bowgun speed +1. Improves bow handling.', 1),
('reload-speed', 'Bowgun speed +2. Loads bow coating automatically.', 2),
('reload-speed', 'Bowgun speed +3.', 3),
('recoil-down', 'Recoil -1', 1),
('recoil-down', 'Recoil -2', 2),
('recoil-down', 'Recoil -3', 3),
('steadiness', 'Deviation -1', 1),
('steadiness', 'Deviation -2', 2),
('rapid-fire-up', 'Rapid fire damage +5%', 1),
('rapid-fire-up', 'Rapid fire damage +10%', 2),
('rapid-fire-up', 'Rapid fire damage +20%', 3),
('defense-boost', 'Defense +5', 1),
('defense-boost', 'Defense +10', 2),
('defense-boost', 'Defense +5% Bonus: +10', 3),
('defense-boost', 'Defense +5% Bonus: +20 All elemental resistances +3', 4),
('defense-boost', 'Defense +8% Bonus: +20 All elemental resistances +3', 5),
('defense-boost', 'Defense +8% Bonus: +35 All elemental resistances +5', 6),
('defense-boost', 'Defense +10% Bonus: +35 All elemental resistances +5', 7),
('divine-blessing', 'While active, reduces damage taken by 15%.', 1),
('divine-blessing', 'While active, reduces damage taken by 30%.', 2),
('divine-blessing', 'While active, reduces damage taken by 50%.', 3),
('recovery-up', 'Slightly increases recovery.', 1),
('recovery-up', 'Increases recovery.', 2),
('recovery-up', 'Greatly increases recovery.', 3),
('recovery-speed', 'Doubles the speed at which you heal recoverable damage.', 1),
('recovery-speed', 'Triples the speed at which you heal recoverable damage.', 2),
('recovery-speed', 'Quadruples the speed at which you heal recoverable damage.', 3),
('speed-eating', 'Slightly increases eating speed.', 1),
('speed-eating', 'Increases eating speed.', 2),
('speed-eating', 'Greatly increases eating speed.', 3),
('earplugs', 'Reduces the effects of weak monster roars.', 1),
('earplugs', 'Nullifies weak monster roars.', 2),
('earplugs', 'Nullifies weak monster roars and reduces the effects of strong monster roars.', 3);    
INSERT INTO "PUBLIC"."SKILL_EFFECT" VALUES
('earplugs', 'Nullifies weak and strong monster roars.', 4),
('earplugs', 'Nullifies weak and strong monster roars. Reduces the effects of powerful monster roars.', 5),
('windproof', 'Negates minor wind pressure.', 1),
('windproof', 'Negates minor and major wind pressure.', 2),
('windproof', 'Negates minor and major wind pressure and reduces the effects of dragon wind pressure.', 3),
('tremor-resistance', 'Nullifies minor ground tremors.', 1),
('tremor-resistance', 'Nullifies minor ground tremors and reduces the effects of major ground tremors.', 2),
('tremor-resistance', 'Nullifies minor and major ground tremors.', 3),
('bubbly-dance', 'Reduces the effects of weak bubbleblight.', 1),
('bubbly-dance', 'Nullifies major and minor bubbleblight and increases evasiveness while afflicted with bubbleblight.', 2),
('bubbly-dance', 'Evading further attacks will inflicts bubbleblight.', 3),
('evade-window', 'Very slightly increases invulnerability window.', 1),
('evade-window', 'Slightly increases invulnerability window.', 2),
('evade-window', 'Increases invulnerability window.', 3),
('evade-window', 'Greatly increases invulnerability window.', 4),
('evade-window', 'Massively increases invulnerability window.', 5),
('evade-extender', 'Slightly extends evasion distance.', 1),
('evade-extender', 'Extends evasion distance.', 2),
('evade-extender', 'Greatly extends evasion distance.', 3),
('fire-resistance', 'Fire resistance +6', 1),
('fire-resistance', 'Fire resistance +12', 2),
('fire-resistance', 'Fire resistance +20 Defense +10', 3),
('water-resistance', 'Water resistance +6', 1),
('water-resistance', 'Water resistance +12', 2),
('water-resistance', 'Water resistance +20 Defense +10', 3),
('ice-resistance', 'Ice resistance +6', 1),
('ice-resistance', 'Ice resistance +12', 2),
('ice-resistance', 'Ice resistance +20 Defense +10', 3),
('thunder-resistance', 'Thunder resistance +6', 1),
('thunder-resistance', 'Thunder resistance +12', 2),
('thunder-resistance', 'Thunder resistance +20 Defense +10', 3),
('dragon-resistance', 'Dragon resistance +6', 1),
('dragon-resistance', 'Dragon resistance +12', 2),
('dragon-resistance', 'Dragon resistance +20 Defense +10', 3),
('blight-resistance', 'Reduces the duration of all elemental blights by 50%.', 1),
('blight-resistance', 'Reduces the duration of all elemental blights by 75%.', 2),
('blight-resistance', 'Nullifies all elemental blights.', 3),
('poison-resistance', 'Reduces the number of times you take poison damage.', 1),
('poison-resistance', 'Greatly reduces the number of times you take poison damage.', 2),
('poison-resistance', 'Prevents poison and reduces venom.', 3),
('paralysis-resistance', 'Reduces the duration of paralysis by 30%.', 1),
('paralysis-resistance', 'Reduces the duration of paralysis by 60%.', 2),
('paralysis-resistance', 'Prevents paralysis.', 3),
('sleep-resistance', 'Reduces the duration of sleep by 30%.', 1),
('sleep-resistance', 'Reduces the duration of sleep by 60%.', 2),
('sleep-resistance', 'Prevents sleep.', 3),
('stun-resistance', 'Reduces the duration of stun by 60%.', 1),
('stun-resistance', 'Reduces the duration of stun by 90%.', 2),
('stun-resistance', 'Prevents stun.', 3),
('muck-resistance', 'Reduces limits on movement speed.', 1),
('muck-resistance', 'Negates limits to movement speed.', 2),
('blast-resistance', 'Delays blastblight and reduces blast damage.', 1),
('blast-resistance', 'Greatly delays blastblight and greatly reduces blast damage.', 2),
('blast-resistance', 'Prevents blastblight.', 3),
('botanist', 'One extra consumable herb item per gather.', 1),
('botanist', 'One extra consumable herb, fruit, nut, or seed item per gather.', 2),
('botanist', 'One extra consumable herb, fruit, nut, seed, or insect item per gather.', 3),
('botanist', 'One extra consumable herb, fruit, nut, seed, insect, or mushroom item per gather.', 4),
('geologist', 'Allows you to gather one extra time from bonepiles.', 1),
('geologist', 'Allows you to gather one extra time from gathering points.', 2),
('geologist', 'Allows you to gather one extra time from mining outcrops.', 3);              
INSERT INTO "PUBLIC"."SKILL_EFFECT" VALUES
('partbreaker', 'Part damage +10%', 1),
('partbreaker', 'Part damage +20%', 2),
('partbreaker', 'Part damage +30%', 3),
('capture-master', 'Activates skill effect.', 1),
('good-luck', 'Slightly increases luck.', 1),
('good-luck', 'Increases luck.', 2),
('good-luck', 'Greatly increases luck.', 3),
('speed-sharpening', 'Removes one cycle from the sharpening process.', 1),
('speed-sharpening', 'Removes two cycles from the sharpening process.', 2),
('speed-sharpening', 'Removes three cycles from the sharpening process.', 3),
('bombardier', 'Explosive power +10%', 1),
('bombardier', 'Explosive power +20%', 2),
('bombardier', 'Explosive power +30%', 3),
('mushroomancer', 'Lets you digest blue mushrooms and toadstools.', 1),
('mushroomancer', 'Additionally lets you digest nitroshrooms and parashrooms.', 2),
('mushroomancer', 'Additionally lets you digest mandragoras and exciteshrooms.', 3),
('item-prolonger', 'Item effect duration +10%', 1),
('item-prolonger', 'Item effect duration +25%', 2),
('item-prolonger', 'Item effect duration +50%', 3),
('wide-range', 'Items affect nearby allies with 33% of their efficacy.', 1),
('wide-range', 'Items affect nearby allies in a wider radius with 33% of their efficacy.', 2),
('wide-range', 'Items affect nearby allies in a wider radius with 66% of their efficacy.', 3),
('wide-range', 'Items affect nearby allies in a much wider radius with 66% of their efficacy.', 4),
('wide-range', 'Items affect nearby allies in a much wider radius with full efficacy.', 5),
('free-meal', 'Activates 10% of the time.', 1),
('free-meal', 'Activates 25% of the time.', 2),
('free-meal', 'Activates 45% of the time.', 3),
('heroics', 'While active, increases defense by 50 points.', 1),
('heroics', 'Attack +5% and defense +50 while active.', 2),
('heroics', 'Attack +5% and defense +100 while active.', 3),
('heroics', 'Attack +10% and defense +100 while active.', 4),
('heroics', 'While active, attack power +30% and defense-increasing effects are negated.', 5),
('fortify', 'Increases attack by 10% and defense by 15% with each use.', 1),
('flinch-free', 'Prevents knockbacks.', 1),
('flinch-free', 'Prevents knockbacks. Tripping is reduced to a knockback instead.', 2),
('flinch-free', 'Prevents knockbacks and tripping.', 3),
('jump-master', 'Negates knockback during jumps.', 1),
('carving-pro', 'Activates skill effect.', 1),
('hunger-resistance', 'Extends the time until your stamina cap reduces by 50%.', 1),
('hunger-resistance', 'Extends the time until your stamina cap reduces by 100%.', 2),
('hunger-resistance', 'Prevents your stamina cap from decreasing.', 3),
('leap-of-faith', 'Enables skill use.', 1),
('diversion', 'Activates skill effect.', 1),
('master-mounter', 'Makes filling the Riding Gauge easier and increases ease of parrying.', 1),
('wirebug-whisperer', 'Extends the duration you can keep a Wirebug by 30%.', 1),
('wirebug-whisperer', 'Further increases passive Wirebug recovery rate.', 2),
('wirebug-whisperer', 'Further increases passive recovery rate while on the ground.', 3),
('wall-runner', 'Reduces stamina consumption by 25% while wall running.', 1),
('wall-runner', 'Reduces stamina consumption by 50% while wall running.', 2),
('wall-runner', 'Wall running temporarily increases attack power.', 3),
('counterstrike', 'Attack +10 after activation.', 1),
('counterstrike', 'Attack +15 after activation.', 2),
('counterstrike', 'Attack +25 after activation.', 3),
('rapid-morph', 'Speed +10%', 1),
('rapid-morph', 'Speed +20% Morph attack damage +10%', 2),
('rapid-morph', 'Speed +30% Morph attack damage +20%', 3),
('hellfire-cloak', 'Reduces damage from hellfire.', 1),
('hellfire-cloak', 'Increases damage from hellfire blasts.', 2),
('hellfire-cloak', 'Inflicts hellfireblight when monsters are enraged.', 3),
('hellfire-cloak', 'Effect persists for one minute after a monster''s rage has subsided.', 4),
('wind-alignment', 'Dragon resistance +1', 1),
('wind-alignment', 'Dragon resistance +2', 2),
('wind-alignment', 'Dragon resistance +3', 3),
('wind-alignment', 'Dragon resistance +4', 4);  
INSERT INTO "PUBLIC"."SKILL_EFFECT" VALUES
('wind-alignment', 'Also grants the effect Fortunate.', 5),
('thunder-alignment', 'Thunder resistance +1', 1),
('thunder-alignment', 'Thunder resistance +2', 2),
('thunder-alignment', 'Thunder resistance +3', 3),
('thunder-alignment', 'Thunder resistance +4', 4),
('thunder-alignment', 'Also grants the effect Fortunate.', 5),
('ballistics', 'Slightly extends range.', 1),
('ballistics', 'Extends range.', 2),
('ballistics', 'Greatly extends range.', 3),
('master-s-touch', 'Grants elemental damage +5% while active.', 1),
('master-s-touch', 'Grants elemental damage +10% while active.', 2),
('master-s-touch', 'Grants elemental damage +15% while active.', 3),
('chameleos-blessing', 'Sometimes increases the effects of Spiribirds.', 1),
('chameleos-blessing', 'Also negates minor and major wind pressure.', 2),
('chameleos-blessing', 'Also extends the duration of your poison''s effect on monsters.', 3),
('chameleos-blessing', 'Also negates all wind pressure.', 4),
('kushala-blessing', 'Water and ice attack +5%', 1),
('kushala-blessing', 'Water and ice attack +10%', 2),
('kushala-blessing', 'Also allows recovery to exceed the red portion of the health gauge.', 3),
('kushala-blessing', 'Also nullifies heat damage.', 4),
('teostra-blessing', 'Fire attack and blast buildup +5%', 1),
('teostra-blessing', 'Fire attack and blast buildup +10%', 2),
('teostra-blessing', 'Also prevents poison and venom.', 3),
('teostra-blessing', 'Also negates theft.', 4),
('carving-master', 'Activates skill effect.', 1);               
CREATE CACHED TABLE "PUBLIC"."UNCAPPING_SKILLS"(
    "UNCAPPING_SKILL_ID" VARCHAR,
    "ID" VARCHAR NOT NULL
);
ALTER TABLE "PUBLIC"."UNCAPPING_SKILLS" ADD CONSTRAINT "PUBLIC"."CONSTRAINT_BA" PRIMARY KEY("ID");             
-- 0 +/- SELECT COUNT(*) FROM PUBLIC.UNCAPPING_SKILLS;         
ALTER TABLE "PUBLIC"."ARMOR_PIECE" ADD CONSTRAINT "PUBLIC"."UKP46L799PTS3CCBB1IR7HPH5EC" UNIQUE("SET_NAME", "ARMOR_TYPE", "SET_TYPE");         
ALTER TABLE "PUBLIC"."SET_BONUS_ARMOR_PIECES" ADD CONSTRAINT "PUBLIC"."UK_RHY5M0B27L7Y049FJB2O3EH6D" UNIQUE("ARMOR_PIECES_ID");
ALTER TABLE "PUBLIC"."SET_BONUS_SKILL" ADD CONSTRAINT "PUBLIC"."FK2FTO2XB77PFK9R8R4FK7U1VOK" FOREIGN KEY("SET_BONUS_ID") REFERENCES "PUBLIC"."SET_BONUS"("ID") NOCHECK;        
ALTER TABLE "PUBLIC"."UNCAPPING_SKILLS" ADD CONSTRAINT "PUBLIC"."FK8RIJANN4L5JEQ9E8TI45IGFCA" FOREIGN KEY("ID") REFERENCES "PUBLIC"."SKILL"("ID") NOCHECK;     
ALTER TABLE "PUBLIC"."ARMOR_PIECE_SKILL" ADD CONSTRAINT "PUBLIC"."FK6PSHM72I5TU6HNV1EALLA5NO8" FOREIGN KEY("SKILL_ID") REFERENCES "PUBLIC"."SKILL"("ID") NOCHECK;              
ALTER TABLE "PUBLIC"."UNCAPPING_SKILLS" ADD CONSTRAINT "PUBLIC"."FKMFU6U2F4VHSVDQ5WC2MON1BTJ" FOREIGN KEY("UNCAPPING_SKILL_ID") REFERENCES "PUBLIC"."SKILL"("ID") NOCHECK;     
ALTER TABLE "PUBLIC"."JEWEL_SKILL" ADD CONSTRAINT "PUBLIC"."FKCKB72LLTSYJ3F2G1ATB0P7S6J" FOREIGN KEY("JEWEL_ID") REFERENCES "PUBLIC"."JEWEL"("ID") NOCHECK;    
ALTER TABLE "PUBLIC"."ARMOR_PIECE" ADD CONSTRAINT "PUBLIC"."FKOPTF8HXHXKFPCONFN7GN0E47R" FOREIGN KEY("SET_BONUS_ID") REFERENCES "PUBLIC"."SET_BONUS"("ID") NOCHECK;            
ALTER TABLE "PUBLIC"."ARMOR_PIECE_SKILL" ADD CONSTRAINT "PUBLIC"."FKDP9T1LUXV0JL99RDIPS6C7MSR" FOREIGN KEY("ARMOR_PIECE_ID") REFERENCES "PUBLIC"."ARMOR_PIECE"("ID") NOCHECK;  
ALTER TABLE "PUBLIC"."JEWEL_SKILL" ADD CONSTRAINT "PUBLIC"."FK26HR6PGD8PDB3QU11T4TD45O7" FOREIGN KEY("SKILL_ID") REFERENCES "PUBLIC"."SKILL"("ID") NOCHECK;    
ALTER TABLE "PUBLIC"."SET_BONUS_SKILL" ADD CONSTRAINT "PUBLIC"."FK7XVJ68FEQJIH2MQXTSYRMRSRY" FOREIGN KEY("SKILL_ID") REFERENCES "PUBLIC"."SKILL"("ID") NOCHECK;
ALTER TABLE "PUBLIC"."SKILL_EFFECT" ADD CONSTRAINT "PUBLIC"."FKTM3EHQ62I79CYBV3I74V3KEU9" FOREIGN KEY("SKILL_ID") REFERENCES "PUBLIC"."SKILL"("ID") NOCHECK;   
